data,dia_semana,nome_exchange,direcao,total_transacoes,volume_usd,preco_medio_usd,total_trades
2025-06-12,Quinta-feira,SpookySwap,SELL,2,14100.762618157827,1.0692079286843996,7
2025-06-12,Quinta-feira,SpookySwap,BUY,2,14100.762618157827,1.0692079286843996,7
2025-05-29,Quinta-feira,SpookySwap,SELL,7,75088.68685232691,325.1281521172924,95
2025-05-29,Quinta-feira,SpookySwap,BUY,7,75088.68685232691,325.1281521172924,95
2025-05-31,Sábado,SpookySwap,SELL,2,17882.723444320785,1032.1625057998294,11
2025-05-31,Sábado,SpookySwap,BUY,2,17882.723444320785,1032.1625057998294,11
2025-06-06,Sexta-feira,SpookySwap,BUY,3,47828.43758338256,697.5873545334471,32
2025-06-06,Sexta-feira,SpookySwap,SELL,3,47828.43758338256,697.5873545334471,32
2025-06-10,Terça-feira,SpookySwap,BUY,2,17883.777754030583,7.128600494537509,10
2025-06-10,Terça-feira,SpookySwap,SELL,2,17883.777754030583,7.128600494537509,10
2025-06-12,Quinta-feira,Bancor Network,SELL,12,317589.6439717446,12289.988298145172,124
2025-06-12,Quinta-feira,Bancor Network,BUY,12,317589.64397174463,12289.988298145168,124
2025-05-29,Quinta-feira,Bancor Network,BUY,20,832497.329162484,9750.225491619234,374
2025-05-29,Quinta-feira,Bancor Network,SELL,20,832497.3291624839,9750.225491619232,374
2025-05-31,Sábado,Bancor Network,BUY,9,205102.760383812,453.3018456214471,149
2025-05-31,Sábado,Bancor Network,SELL,9,205102.76038381198,453.3018456214471,149
2025-06-06,Sexta-feira,Bancor Network,BUY,5,144126.00823282197,34098.053157158356,78
2025-06-06,Sexta-feira,Bancor Network,SELL,5,144126.008232822,34098.05315715835,78
2025-06-10,Terça-feira,Bancor Network,SELL,7,119702.60110601397,23572.611068052523,52
2025-06-10,Terça-feira,Bancor Network,BUY,7,119702.60110601399,23572.61106805252,52
2025-06-12,Quinta-feira,1inch Liquidity Protocol,SELL,1,15832.530619767265,0.025241393974298334,14
2025-06-12,Quinta-feira,1inch Liquidity Protocol,BUY,1,15832.530619767265,0.025241393974298334,14
2025-05-29,Quinta-feira,1inch Liquidity Protocol,SELL,3,45744.013311415976,13.257203490117256,48
2025-05-29,Quinta-feira,1inch Liquidity Protocol,BUY,3,45744.013311415976,13.257203490117254,48
2025-05-31,Sábado,1inch Liquidity Protocol,BUY,3,17808.370572804633,105.07083399528484,34
2025-05-31,Sábado,1inch Liquidity Protocol,SELL,3,17808.370572804633,105.07083399528483,34
2025-06-06,Sexta-feira,1inch Liquidity Protocol,BUY,2,14145.275544680033,20.897554653241627,25
2025-06-06,Sexta-feira,1inch Liquidity Protocol,SELL,2,14145.275544680033,20.897554653241627,25
2025-06-10,Terça-feira,1inch Liquidity Protocol,BUY,2,27621.04902972266,19.89474120562669,20
2025-06-10,Terça-feira,1inch Liquidity Protocol,SELL,2,27621.04902972266,19.89474120562669,20
2025-06-06,Sexta-feira,SpiritSwap,SELL,2,13016.5832295277,1.1707697759361482,20
2025-06-06,Sexta-feira,SpiritSwap,BUY,2,13016.5832295277,1.1707697759361482,20
2025-06-12,Quinta-feira,Uniswap,SELL,1889,1.045928320443776E18,4.9031470441562894E23,129847
2025-06-12,Quinta-feira,Uniswap,BUY,1911,1.04592832041669018E18,4.8467005580373285E23,122507
2025-05-29,Quinta-feira,Uniswap,BUY,1977,2273598447.118484,6.316123208890983E24,123174
2025-05-29,Quinta-feira,Uniswap,SELL,1929,2301675562.715002,6.473289571787387E24,133459
2025-05-31,Sábado,Uniswap,SELL,1892,1.603406023196231E20,1.285987633120288E26,114782
2025-05-31,Sábado,Uniswap,BUY,1893,1.6034060231962663E20,1.2853082946981314E26,109350
2025-06-06,Sexta-feira,Uniswap,SELL,1359,6.591598320100637E19,4.313792317147986E23,109365
2025-06-06,Sexta-feira,Uniswap,BUY,1374,6.591598320100297E19,4.266698493336966E23,106030
2025-06-10,Terça-feira,Uniswap,BUY,2148,6.646952999120902E19,6.231042076727416E22,101856
2025-06-10,Terça-feira,Uniswap,SELL,2148,6.64695299912091E19,6.231042076727413E22,101856
2025-06-12,Quinta-feira,Balancer,BUY,85,12645991.180155165,9374.79021247688,1590
2025-06-12,Quinta-feira,Balancer,SELL,82,13074513.298945362,11601.745106148512,1623
2025-05-29,Quinta-feira,Balancer,SELL,91,20327891.354816627,10253.390600864343,1617
2025-05-29,Quinta-feira,Balancer,BUY,92,21616950.42501626,8429.842445811222,1646
2025-05-31,Sábado,Balancer,SELL,82,14593194.442895222,16391.776803796733,1480
2025-05-31,Sábado,Balancer,BUY,84,15133261.737047963,8254.619478653385,1545
2025-06-06,Sexta-feira,Balancer,SELL,42,1783085.1821275759,13871.610784481492,497
2025-06-06,Sexta-feira,Balancer,BUY,39,1508617.883068757,1345.4319955845904,495
2025-06-10,Terça-feira,Balancer,SELL,103,29110180.53907275,81340.41927281058,1128
2025-06-10,Terça-feira,Balancer,BUY,103,29110180.539072767,81340.41927281057,1128
2025-06-12,Quinta-feira,PancakeSwap,BUY,36,1.6563518146320538E20,1182528261099.0088,1841
2025-06-12,Quinta-feira,PancakeSwap,SELL,35,1.6563518146320597E20,1216314821540.258,1977
2025-05-29,Quinta-feira,PancakeSwap,SELL,42,20032156.878207494,105743.00818655614,2005
2025-05-29,Quinta-feira,PancakeSwap,BUY,41,19779122.472945742,36413.569681038185,1868
2025-05-31,Sábado,PancakeSwap,SELL,36,9721263.375120653,70153.34913470142,1653
2025-05-31,Sábado,PancakeSwap,BUY,35,9719023.347350407,10386.058811959074,1561
2025-06-06,Sexta-feira,PancakeSwap,SELL,26,2.630654002791016E19,50780.59010648019,1368
2025-06-06,Sexta-feira,PancakeSwap,BUY,27,2.6306540027910476E19,332.2417251502232,1477
2025-06-10,Terça-feira,PancakeSwap,SELL,36,42879705.50057456,39154.19749504406,2953
2025-06-10,Terça-feira,PancakeSwap,BUY,36,42879705.50057456,39154.19749504406,2953
2025-06-12,Quinta-feira,CRO DeFi Swap,BUY,2,22581.71955903584,14097.441440830657,55
2025-06-12,Quinta-feira,CRO DeFi Swap,SELL,2,30055.707874073116,15450.5211883002,70
2025-05-29,Quinta-feira,CRO DeFi Swap,BUY,1,9163.45798641266,0.00036943604481407655,36
2025-05-29,Quinta-feira,CRO DeFi Swap,SELL,1,12443.32907748337,2683.5474170803686,49
2025-05-31,Sábado,CRO DeFi Swap,SELL,4,56961.41632531953,6007.645071790372,139
2025-05-31,Sábado,CRO DeFi Swap,BUY,4,56961.41632531953,6007.645071790372,139
2025-06-06,Sexta-feira,CRO DeFi Swap,BUY,3,18764.566248544168,8286.571393244772,49
2025-06-06,Sexta-feira,CRO DeFi Swap,SELL,3,18517.739476631596,9105.82524672235,43
2025-06-12,Quinta-feira,Pangolin,BUY,2,34737.65464926797,135.07416853035528,9
2025-06-12,Quinta-feira,Pangolin,SELL,2,34737.65464926797,135.07416853035528,9
2025-05-31,Sábado,Pangolin,SELL,2,13061.510521861623,63.17024734098229,8
2025-05-31,Sábado,Pangolin,BUY,2,13061.510521861623,63.17024734098229,8
2025-06-10,Terça-feira,Pangolin,BUY,2,14683.499433865672,1319.6426209232868,7
2025-06-10,Terça-feira,Pangolin,SELL,2,14683.499433865672,1319.6426209232868,7
2025-06-12,Quinta-feira,Wigoswap,SELL,2,13052.421092588136,1.3065951535511353,40
2025-06-12,Quinta-feira,Wigoswap,BUY,2,13052.421092588136,1.3065951535511353,40
2025-05-29,Quinta-feira,Wigoswap,BUY,4,63725.78709457483,1.3324049550721457,220
2025-05-29,Quinta-feira,Wigoswap,SELL,4,63725.78709457483,1.3324049550721457,220
2025-05-31,Sábado,Wigoswap,BUY,2,15306.811661794382,1.3900857108184683,48
2025-05-31,Sábado,Wigoswap,SELL,2,15306.811661794382,1.3900857108184683,48
2025-06-10,Terça-feira,Wigoswap,BUY,6,65266.423308609956,1.6653893032262788,68
2025-06-10,Terça-feira,Wigoswap,SELL,6,65266.42330860996,1.6653893032262788,68
2025-06-12,Quinta-feira,Uniswap v3,BUY,289,82242455.5996803,288598.5594760839,60845
2025-06-12,Quinta-feira,Uniswap v3,SELL,289,82242455.59968032,288598.5594760837,60845
2025-05-29,Quinta-feira,Uniswap v3,BUY,216,47447895.13566526,161252.6164828803,53249
2025-05-29,Quinta-feira,Uniswap v3,SELL,216,47447895.13566524,161252.61648288023,53249
2025-05-31,Sábado,Uniswap v3,BUY,264,49025218.35418497,261416.2464671454,41930
2025-05-31,Sábado,Uniswap v3,SELL,264,49025218.35418497,261416.24646714583,41930
2025-06-06,Sexta-feira,Uniswap v3,SELL,43,14070660.665055053,2544.6662998297547,374
2025-06-06,Sexta-feira,Uniswap v3,BUY,43,14070660.665055048,2544.666299829754,374
2025-06-10,Terça-feira,Uniswap v3,SELL,142,32118176.45385859,269808.66737395234,7983
2025-06-10,Terça-feira,Uniswap v3,BUY,142,32118176.453858595,269808.6673739522,7983
2025-05-29,Quinta-feira,Verse Dex,BUY,1,6636.221547839694,2.98631203950362e-8,6
2025-05-29,Quinta-feira,Verse Dex,SELL,1,8642.223736428032,33283235.13191121,10
2025-05-31,Sábado,Verse Dex,BUY,3,24880.62351744226,183.95461662135003,64
2025-05-31,Sábado,Verse Dex,SELL,3,20952.206027441644,11110892.015688622,37
2025-06-06,Sexta-feira,Verse Dex,BUY,2,13506.013345056064,284.005196711601,17
2025-06-06,Sexta-feira,Verse Dex,SELL,2,13506.013345056064,284.005196711601,17
2025-06-12,Quinta-feira,Curve,BUY,7,110667.95606948674,0.9947668959458514,18
2025-06-12,Quinta-feira,Curve,SELL,9,210056.88841826448,0.9783592268905128,49
2025-05-29,Quinta-feira,Curve,BUY,15,20709377.23720174,0.9968789267377631,360
2025-05-29,Quinta-feira,Curve,SELL,16,20858415.48147638,0.9827298534984859,369
2025-05-31,Sábado,Curve,BUY,15,33027940.030183163,1.0006967895931378,1212
2025-05-31,Sábado,Curve,SELL,16,33123889.491439663,0.9836260273925,1228
2025-06-06,Sexta-feira,Curve,SELL,7,263521.7471185235,0.9880429966517008,45
2025-06-06,Sexta-feira,Curve,BUY,5,140313.9010558461,1.0050685893934161,26
2025-06-10,Terça-feira,Curve,BUY,12,244504.31838462965,1.0027721726048402,30
2025-06-10,Terça-feira,Curve,SELL,12,244504.31838462965,1.0027721726048402,30
2025-06-12,Quinta-feira,QuickSwap,SELL,63,36532952.511845514,12284.1108719125,56161
2025-06-12,Quinta-feira,QuickSwap,BUY,63,36532952.51184563,12284.1108719125,56161
2025-05-29,Quinta-feira,QuickSwap,BUY,44,14216437.431452498,768727.3237915989,35911
2025-05-29,Quinta-feira,QuickSwap,SELL,44,14216437.431452496,768727.3237915988,35911
2025-05-31,Sábado,QuickSwap,BUY,64,16790287.314120498,2486.2353644502928,35649
2025-05-31,Sábado,QuickSwap,SELL,64,16790208.28333352,2486.085867797188,35649
2025-06-06,Sexta-feira,QuickSwap,BUY,8,1414511.0455684406,4117.039549436191,69
2025-06-06,Sexta-feira,QuickSwap,SELL,8,1414511.0455684406,4117.039549436191,69
2025-06-10,Terça-feira,QuickSwap,BUY,17,9580748.250538575,887.3697192712245,4206
2025-06-10,Terça-feira,QuickSwap,SELL,17,9580748.250538578,887.3697192712245,4206
2025-06-12,Quinta-feira,Trader Joe,SELL,42,6.9837870740656205E17,7862026.094393841,976
2025-06-12,Quinta-feira,Trader Joe,BUY,42,6.9837870740656192E17,7862026.094393842,976
2025-05-29,Quinta-feira,Trader Joe,BUY,11,5.2803834092772339E17,2.4685332109986053E23,19
2025-05-29,Quinta-feira,Trader Joe,SELL,11,5.2803834092772339E17,2.4685332109986053E23,19
2025-05-31,Sábado,Trader Joe,SELL,24,2.07506048280949888E17,1.4474373883469781E23,301
2025-05-31,Sábado,Trader Joe,BUY,24,2.0750604828094992E17,1.4474373883469781E23,301
2025-06-06,Sexta-feira,Trader Joe,SELL,3,5.5505068055453984E16,1.6209178207890358E20,3
2025-06-06,Sexta-feira,Trader Joe,BUY,3,5.5505068055453984E16,1.6209178207890358E20,3
2025-06-10,Terça-feira,Trader Joe,SELL,51,3.2361601626861542E17,1.5447451330205058E22,871
2025-06-10,Terça-feira,Trader Joe,BUY,51,3.2361601626861523E17,1.5447451330205058E22,871
2025-06-12,Quinta-feira,Zerox Exchange,SELL,44,11673930.888119211,10033950.506709011,322
2025-06-12,Quinta-feira,Zerox Exchange,BUY,46,13674605.5615329,4797545.9869983485,233
2025-05-29,Quinta-feira,Zerox Exchange,BUY,43,11598009.921256833,13380.262127669772,293
2025-05-29,Quinta-feira,Zerox Exchange,SELL,38,10033689.266965345,15351.621410367214,264
2025-05-31,Sábado,Zerox Exchange,BUY,43,7747007.420293785,13368.690778885946,251
2025-05-31,Sábado,Zerox Exchange,SELL,42,6594489.1560836155,5227581.959317945,247
2025-06-06,Sexta-feira,Zerox Exchange,SELL,21,2852948.2261741115,10668597.803717757,233
2025-06-06,Sexta-feira,Zerox Exchange,BUY,22,1938569.3755515313,17690.330289813606,145
2025-06-10,Terça-feira,Zerox Exchange,BUY,61,13363686.46850904,6883584.698380035,397
2025-06-10,Terça-feira,Zerox Exchange,SELL,61,13363686.46850904,6883584.698380037,397
2025-06-12,Quinta-feira,Dodo,SELL,1,5098.253219781374,0.9996950024575803,6
2025-06-12,Quinta-feira,Dodo,BUY,1,5098.253219781374,0.9996950024575803,6
2025-06-10,Terça-feira,Dodo,SELL,2,20631.3375678673,0.9999662924719924,5
2025-06-10,Terça-feira,Dodo,BUY,2,20631.3375678673,0.9999662924719924,5
2025-06-12,Quinta-feira,SushiSwap,SELL,38,1378863.4180122812,26751.523496525046,901
2025-06-12,Quinta-feira,SushiSwap,BUY,45,1336220.2232509318,16307.14549452055,992
2025-05-29,Quinta-feira,SushiSwap,SELL,35,1691283.715590393,868847.1943426843,984
2025-05-29,Quinta-feira,SushiSwap,BUY,38,1787925.487404554,3487.441854649474,1049
2025-05-31,Sábado,SushiSwap,SELL,52,1735619.8745647932,1234466.1140237632,1568
2025-05-31,Sábado,SushiSwap,BUY,53,1649823.9686426513,568313.0443156665,1571
2025-06-06,Sexta-feira,SushiSwap,SELL,35,1092009.5274610408,1192339.5317922202,1228
2025-06-06,Sexta-feira,SushiSwap,BUY,35,1124630.4411706994,39433.85217794517,1282
2025-06-10,Terça-feira,SushiSwap,SELL,42,2919417.0138614047,867908.7713987296,688
2025-06-10,Terça-feira,SushiSwap,BUY,42,2919417.0138614043,867908.7713987295,688
2025-06-12,Quinta-feira,Kyber Network,BUY,2,21907.104052343493,6196.30855588358,26
2025-06-12,Quinta-feira,Kyber Network,SELL,2,21907.104052343493,6196.30855588358,26
2025-05-29,Quinta-feira,Kyber Network,BUY,2,18861.976096837752,11.647054084336883,10
2025-05-29,Quinta-feira,Kyber Network,SELL,2,18861.976096837752,11.647054084336883,10
2025-05-31,Sábado,Kyber Network,BUY,4,42615.62671360765,3049.55825110383,48
2025-05-31,Sábado,Kyber Network,SELL,4,42615.62671360766,3049.55825110383,48
2025-06-06,Sexta-feira,Kyber Network,SELL,3,32164.098479946675,7.356867328390827,30
2025-06-06,Sexta-feira,Kyber Network,BUY,3,32164.098479946675,7.356867328390827,30
2025-06-10,Terça-feira,Kyber Network,SELL,1,16993.50559630646,22.270986322832453,11
2025-06-10,Terça-feira,Kyber Network,BUY,1,16993.50559630646,22.270986322832453,11
2025-06-15,Domingo,SpookySwap,BUY,6,83037.28781986324,508.68136246694274,36
2025-06-15,Domingo,SpookySwap,SELL,6,83037.28781986322,508.68136246694263,36
2025-05-30,Sexta-feira,SpookySwap,SELL,12,88761.04298247896,103.99575503658633,182
2025-05-30,Sexta-feira,SpookySwap,BUY,12,88761.04298247896,103.99575503658633,182
2025-06-09,Segunda-feira,Bancor Network,BUY,10,202157.2789001314,17044.191212656027,59
2025-06-09,Segunda-feira,Bancor Network,SELL,10,202157.2789001314,17044.191212656027,59
2025-06-15,Domingo,Bancor Network,BUY,2,12504.531165025392,87862.38450276658,7
2025-06-15,Domingo,Bancor Network,SELL,2,12504.531165025392,87862.38450276658,7
2025-06-13,Sexta-feira,Bancor Network,SELL,2,140056.84888116524,2119.6992873091754,9
2025-06-13,Sexta-feira,Bancor Network,BUY,2,140056.84888116524,2119.6992873091754,9
2025-05-30,Sexta-feira,Bancor Network,SELL,1,39091.35585691533,0.00025418386114265,3
2025-05-30,Sexta-feira,Bancor Network,BUY,1,39091.35585691533,0.00025418386114265,3
2025-05-09,Sexta-feira,Bancor Network,SELL,8,227584.78273887536,22909.521638936465,41
2025-05-09,Sexta-feira,Bancor Network,BUY,8,227584.78273887536,22909.52163893646,41
2025-05-10,Sábado,Bancor Network,BUY,3,119695.06320330592,1289.191637772274,22
2025-05-10,Sábado,Bancor Network,SELL,3,119695.06320330592,1289.191637772274,22
2025-06-09,Segunda-feira,1inch Liquidity Protocol,SELL,1,5538.828781684283,41.64510117929173,5
2025-06-09,Segunda-feira,1inch Liquidity Protocol,BUY,1,5538.828781684283,41.64510117929173,5
2025-06-09,Segunda-feira,Uniswap,SELL,1889,1.0670803055369324E20,3.040100635296677E23,72929
2025-06-09,Segunda-feira,Uniswap,BUY,1889,1.067080305536932E20,3.040100635296678E23,72929
2025-06-15,Domingo,Uniswap,SELL,1680,6.551918793521606E21,1.312837394470373E29,61930
2025-06-15,Domingo,Uniswap,BUY,1680,6.551918793521612E21,1.312837394470373E29,61930
2025-06-13,Sexta-feira,Uniswap,BUY,586,1007906743.0890005,6.328253906630377E20,20035
2025-06-13,Sexta-feira,Uniswap,SELL,586,1007906743.089001,6.328253906630376E20,20035
2025-05-30,Sexta-feira,Uniswap,BUY,569,3.844798933617485E19,2.0281123385363615E22,17145
2025-05-30,Sexta-feira,Uniswap,SELL,569,3.844798933617488E19,2.0281123385363615E22,17145
2025-05-09,Sexta-feira,Uniswap,SELL,1477,2.9030140657354727E19,9.702356712442591E24,55139
2025-05-09,Sexta-feira,Uniswap,BUY,1477,2.903014065735475E19,9.702356712442591E24,55139
2025-05-10,Sábado,Uniswap,BUY,1498,2.7836739986103894E19,1.9535670057407533E22,43987
2025-05-10,Sábado,Uniswap,SELL,1498,2.7836739986103845E19,1.9535670057407517E22,43987
2025-06-09,Segunda-feira,Balancer,BUY,74,16214958.64874149,2570.141009550386,632
2025-06-09,Segunda-feira,Balancer,SELL,74,16214958.648741486,2570.1410095503857,632
2025-06-15,Domingo,Balancer,SELL,74,15188292.246540373,95820.54470781884,1072
2025-06-15,Domingo,Balancer,BUY,74,15188292.246540373,95820.54470781883,1072
2025-06-13,Sexta-feira,Balancer,BUY,52,17805486.135106716,12381.173298479114,1432
2025-06-13,Sexta-feira,Balancer,SELL,52,17805486.135106724,12381.173298479116,1432
2025-05-30,Sexta-feira,Balancer,SELL,60,10423924.733153021,11176.425499315385,1276
2025-05-30,Sexta-feira,Balancer,BUY,60,10423924.733153023,11176.425499315386,1276
2025-05-09,Sexta-feira,Balancer,SELL,114,54167267.34457439,51223.585276912025,909
2025-05-09,Sexta-feira,Balancer,BUY,114,54167267.34457441,51223.58527691203,909
2025-05-10,Sábado,Balancer,SELL,86,78007894.53451177,254.40177208215752,947
2025-05-10,Sábado,Balancer,BUY,86,78007894.53451177,254.40177208215735,947
2025-06-09,Segunda-feira,PancakeSwap,BUY,36,45449215.80711711,37218.11603657485,1575
2025-06-09,Segunda-feira,PancakeSwap,SELL,36,45449215.807117105,37218.116036574866,1575
2025-06-15,Domingo,PancakeSwap,BUY,37,8210440.760733933,39535.58202429123,1347
2025-06-15,Domingo,PancakeSwap,SELL,37,8210440.760733927,39535.58202429124,1347
2025-06-13,Sexta-feira,PancakeSwap,BUY,17,4.261374886472535E19,2380021351589.117,713
2025-06-13,Sexta-feira,PancakeSwap,SELL,17,4.261374886472535E19,2380021351589.1167,713
2025-05-30,Sexta-feira,PancakeSwap,BUY,13,5.670456575975639E19,397.46787732819996,588
2025-05-30,Sexta-feira,PancakeSwap,SELL,13,5.670456575975638E19,397.4678773281999,588
2025-05-09,Sexta-feira,PancakeSwap,SELL,36,4.036649846801804E19,621278652875.5428,2916
2025-05-09,Sexta-feira,PancakeSwap,BUY,36,4.036649846801803E19,621278652875.5428,2916
2025-05-10,Sábado,PancakeSwap,BUY,36,5.168740402055925E19,576806867177.305,2233
2025-05-10,Sábado,PancakeSwap,SELL,36,5.168740402055923E19,576806867177.3052,2233
2025-06-09,Segunda-feira,Pangolin,SELL,2,17479.519116547664,900822259.829762,10
2025-06-09,Segunda-feira,Pangolin,BUY,2,17479.519116547664,900822259.829762,10
2025-06-13,Sexta-feira,Pangolin,SELL,1,17350.883479338172,0.0070568771539859625,9
2025-06-13,Sexta-feira,Pangolin,BUY,1,17350.883479338172,0.0070568771539859625,9
2025-05-30,Sexta-feira,Pangolin,SELL,4,598950.53089643,162.52595986328555,329
2025-05-30,Sexta-feira,Pangolin,BUY,4,598950.53089643,162.52595986328555,329
2025-05-09,Sexta-feira,Pangolin,SELL,2,19771.442750394304,73.37577670330086,2
2025-05-09,Sexta-feira,Pangolin,BUY,2,19771.442750394304,73.37577670330086,2
2025-05-10,Sábado,Pangolin,BUY,1,12297.512345635556,0.007869630897839652,2
2025-05-10,Sábado,Pangolin,SELL,1,12297.512345635556,0.007869630897839652,2
2025-06-09,Segunda-feira,Wigoswap,BUY,4,37113.10418807941,1.8695069324699656,45
2025-06-09,Segunda-feira,Wigoswap,SELL,4,37113.10418807941,1.8695069324699654,45
2025-06-15,Domingo,Wigoswap,BUY,2,10622.189407518037,2.1582722519372997,30
2025-06-15,Domingo,Wigoswap,SELL,2,10622.189407518037,2.1582722519372997,30
2025-06-13,Sexta-feira,Wigoswap,BUY,2,12743.363930155898,1.3284362078481837,26
2025-06-13,Sexta-feira,Wigoswap,SELL,2,12743.363930155898,1.3284362078481837,26
2025-05-30,Sexta-feira,Wigoswap,SELL,5,69874.43823234191,1.187948166546911,204
2025-05-30,Sexta-feira,Wigoswap,BUY,5,69874.43823234191,1.187948166546911,204
2025-06-09,Segunda-feira,Uniswap v3,BUY,138,51032415.74480128,303649.09686583694,5798
2025-06-09,Segunda-feira,Uniswap v3,SELL,138,50020727.58587519,303649.09686655144,5826
2025-06-15,Domingo,Uniswap v3,SELL,184,33445029.14777045,4229.656889118153,26530
2025-06-15,Domingo,Uniswap v3,BUY,184,33445029.14777046,4229.656889118151,26530
2025-06-13,Sexta-feira,Uniswap v3,SELL,330,98485080.76838255,254441.00385114847,84765
2025-06-13,Sexta-feira,Uniswap v3,BUY,330,98485080.76838265,254441.00385114888,84765
2025-05-30,Sexta-feira,Uniswap v3,BUY,295,71386149.36380975,230404.67570617233,67980
2025-05-30,Sexta-feira,Uniswap v3,SELL,295,71386149.36380976,230404.67570617265,67980
2025-05-09,Sexta-feira,Uniswap v3,SELL,90,25422011.051542502,2549.772073730938,1332
2025-05-09,Sexta-feira,Uniswap v3,BUY,90,25422011.051542513,2549.7720737309387,1332
2025-05-10,Sábado,Uniswap v3,SELL,93,15370651.825093793,2374.6555423354657,1117
2025-05-10,Sábado,Uniswap v3,BUY,91,15435818.605716834,2426.7259512036917,1118
2025-05-09,Sexta-feira,Verse Dex,BUY,2,11011.304734725407,172.41030026841307,2
2025-05-09,Sexta-feira,Verse Dex,SELL,2,11011.304734725407,172.41030026841307,2
2025-05-10,Sábado,Verse Dex,BUY,4,184455.9123414489,7564234.747124549,28
2025-05-10,Sábado,Verse Dex,SELL,4,184455.9123414489,7564234.747124549,28
2025-06-09,Segunda-feira,Curve,BUY,16,952028.2808077105,0.9965846678909516,69
2025-06-09,Segunda-feira,Curve,SELL,16,952028.2808077105,0.9965846678909517,69
2025-06-15,Domingo,Curve,BUY,9,169472.9184408083,1.0089807404493192,22
2025-06-15,Domingo,Curve,SELL,9,169472.9184408083,1.0089807404493194,22
2025-06-13,Sexta-feira,Curve,SELL,3,54062.35896735086,0.9575835751949885,4
2025-06-13,Sexta-feira,Curve,BUY,3,54062.35896735086,0.9575835751949885,4
2025-05-30,Sexta-feira,Curve,BUY,8,16919828.63833036,0.9877062854069454,351
2025-05-30,Sexta-feira,Curve,SELL,8,16919828.63833036,0.9877062854069453,351
2025-05-09,Sexta-feira,Curve,BUY,21,7623136.3679656545,1.00615921758435,190
2025-05-09,Sexta-feira,Curve,SELL,21,7623136.3679656545,1.0061592175843501,190
2025-05-10,Sábado,Curve,BUY,8,136637.99457236368,1.0149516894821766,11
2025-05-10,Sábado,Curve,SELL,8,136637.99457236368,1.0149516894821766,11
2025-06-09,Segunda-feira,QuickSwap,SELL,19,10964921.953747746,630.1682659041159,4411
2025-06-09,Segunda-feira,QuickSwap,BUY,18,10883385.71170746,664.1953014892515,4404
2025-06-15,Domingo,QuickSwap,SELL,50,37368914.80941498,2102.904255214418,53706
2025-06-15,Domingo,QuickSwap,BUY,50,37368914.80941494,2102.9042552144174,53706
2025-06-13,Sexta-feira,QuickSwap,SELL,75,38930404.90087814,194429638.16334897,57642
2025-06-13,Sexta-feira,QuickSwap,BUY,75,38930404.90087796,194429638.16334894,57642
2025-05-30,Sexta-feira,QuickSwap,BUY,68,20367634.549751233,44340.36547976192,39679
2025-05-30,Sexta-feira,QuickSwap,SELL,68,20367634.549751237,44340.365479761924,39679
2025-05-09,Sexta-feira,QuickSwap,BUY,7,1332048.4522063439,4.789128166365799,151
2025-05-09,Sexta-feira,QuickSwap,SELL,7,1332048.452206344,4.789128166365799,151
2025-05-10,Sábado,QuickSwap,BUY,13,2097092.2937515662,2.8354184837342467,221
2025-05-10,Sábado,QuickSwap,SELL,13,2097092.2937515664,2.8354184837342467,221
2025-06-09,Segunda-feira,Trader Joe,BUY,38,4.664812004495543E17,2.4924820612447337E22,1089
2025-06-09,Segunda-feira,Trader Joe,SELL,38,4.664812004495543E17,2.4924820612447337E22,1089
2025-06-15,Domingo,Trader Joe,BUY,23,7.93635107352304E16,14294450.940233113,72
2025-06-15,Domingo,Trader Joe,SELL,23,7.9363510735230432E16,14294450.940233113,72
2025-06-13,Sexta-feira,Trader Joe,SELL,29,7.3266865505712176E16,1595174.548573722,262
2025-06-13,Sexta-feira,Trader Joe,BUY,29,7.3266865505712208E16,1595174.548573722,262
2025-05-30,Sexta-feira,Trader Joe,SELL,35,1.26563540624468192E17,6.68691188358306E19,456
2025-05-30,Sexta-feira,Trader Joe,BUY,35,1.26563540624468192E17,6.6869118835830596E19,456
2025-05-09,Sexta-feira,Trader Joe,BUY,17,1.17647176865750502E18,1.1541379272861704E23,47
2025-05-09,Sexta-feira,Trader Joe,SELL,17,1.17647176865750502E18,1.1541379272861704E23,47
2025-05-10,Sábado,Trader Joe,BUY,11,1.67225165203685504E18,1.0695928621447712E23,40
2025-05-10,Sábado,Trader Joe,SELL,11,1.67225165203685478E18,1.0695928621447712E23,40
2025-06-09,Segunda-feira,Zerox Exchange,BUY,43,11983977.901987325,4985134.100310498,278
2025-06-09,Segunda-feira,Zerox Exchange,SELL,43,11983977.901987325,4985134.100310498,278
2025-06-15,Domingo,Zerox Exchange,BUY,27,5997610.330786279,1214937.2084994966,210
2025-06-15,Domingo,Zerox Exchange,SELL,27,5997610.330786279,1214937.2084994966,210
2025-06-13,Sexta-feira,Zerox Exchange,SELL,25,6701645.534631778,16089.181878356285,81
2025-06-13,Sexta-feira,Zerox Exchange,BUY,25,6701645.534631777,16089.181878356287,81
2025-05-30,Sexta-feira,Zerox Exchange,SELL,25,5003944.823456759,8599037.732025562,77
2025-05-30,Sexta-feira,Zerox Exchange,BUY,25,5003944.823456759,8599037.732025564,77
2025-05-09,Sexta-feira,Zerox Exchange,BUY,37,5504556.701161981,10271.040813608535,162
2025-05-09,Sexta-feira,Zerox Exchange,SELL,37,5504556.701161979,10271.040813608537,162
2025-05-10,Sábado,Zerox Exchange,BUY,25,2294699.96872522,7619233.305767859,82
2025-05-10,Sábado,Zerox Exchange,SELL,25,2294699.9687252203,7619233.305767859,82
2025-05-30,Sexta-feira,Dodo,SELL,4,253135.4931750176,1.0001470216757031,68
2025-05-30,Sexta-feira,Dodo,BUY,4,253135.4931750176,1.0001470216757031,68
2025-05-09,Sexta-feira,Dodo,SELL,3,1074071.3295999249,0.9999190511895479,35
2025-05-09,Sexta-feira,Dodo,BUY,3,1074071.3295999249,0.9999190511895479,35
2025-05-10,Sábado,Dodo,BUY,2,227170.55107055197,1.000302333876962,2
2025-05-10,Sábado,Dodo,SELL,2,227170.55107055197,1.000302333876962,2
2025-06-09,Segunda-feira,SushiSwap,BUY,39,1714119.7563285283,14311.69565603768,375
2025-06-09,Segunda-feira,SushiSwap,SELL,39,1714119.7563285278,14311.695656037677,375
2025-06-15,Domingo,SushiSwap,BUY,31,795028.1494977726,13465.489105646455,242
2025-06-15,Domingo,SushiSwap,SELL,31,795028.1494977726,13465.489105646451,242
2025-06-13,Sexta-feira,SushiSwap,BUY,9,708563.7561891712,15412.173632367692,225
2025-06-13,Sexta-feira,SushiSwap,SELL,9,708563.756189171,15412.173632367692,225
2025-05-30,Sexta-feira,SushiSwap,SELL,15,401493.3606256236,14767.233211308194,186
2025-05-30,Sexta-feira,SushiSwap,BUY,15,401493.36062562367,14767.233211308197,186
2025-05-09,Sexta-feira,SushiSwap,SELL,29,6688170.605448023,136506.89282074728,465
2025-05-09,Sexta-feira,SushiSwap,BUY,29,6688170.605448024,136506.89282074728,465
2025-05-10,Sábado,SushiSwap,BUY,19,5889879.403402768,12581.023158162048,308
2025-05-10,Sábado,SushiSwap,SELL,19,5889879.403402766,12581.023158162048,308
2025-06-09,Segunda-feira,Kyber Network,BUY,3,45143.692576412504,7.0941953759903384,17
2025-06-09,Segunda-feira,Kyber Network,SELL,3,45143.692576412504,7.0941953759903384,17
2025-06-11,Quarta-feira,ProtoFi,SELL,4,58267.227711985506,272.8402082532293,14
2025-06-11,Quarta-feira,ProtoFi,BUY,4,58267.22771198551,272.8402082532293,14
2025-06-11,Quarta-feira,DegenHaus,BUY,2,11816.952932493976,1.771970882012016,8
2025-06-11,Quarta-feira,DegenHaus,SELL,2,11816.952932493976,1.771970882012016,8
2025-06-11,Quarta-feira,SpookySwap,BUY,20,348669.1319577083,121.83394773225814,223
2025-06-11,Quarta-feira,SpookySwap,SELL,20,348669.1319577082,121.83394773225811,223
2025-05-15,Quinta-feira,SpookySwap,SELL,2,34188.453721904654,0.055816099341973936,3
2025-05-15,Quinta-feira,SpookySwap,BUY,2,34188.453721904654,0.055816099341973936,3
2025-05-28,Quarta-feira,SpookySwap,SELL,3,27987.166887075673,29.456320240435787,33
2025-05-28,Quarta-feira,SpookySwap,BUY,3,27987.16688707567,29.456320240435787,33
2025-05-15,Quinta-feira,Bancor Network,BUY,3,114084.5470360773,1178.7977069913138,20
2025-05-15,Quinta-feira,Bancor Network,SELL,3,114084.5470360773,1178.7977069913138,20
2025-05-16,Sexta-feira,Bancor Network,SELL,3,87007.07348285234,1181.4358204406963,14
2025-05-16,Sexta-feira,Bancor Network,BUY,3,87007.07348285233,1181.4358204406963,14
2025-05-11,Domingo,Bancor Network,SELL,3,183440.1437890614,1255.9971721211703,31
2025-05-11,Domingo,Bancor Network,BUY,3,183440.1437890614,1255.9971721211703,31
2025-06-11,Quarta-feira,SpiritSwap,SELL,5,37659.66795725258,1.2540839391632495,28
2025-06-11,Quarta-feira,SpiritSwap,BUY,5,37659.66795725258,1.2540839391632495,28
2025-06-11,Quarta-feira,Uniswap,SELL,625,1.0789802669124682E19,9.975498314344718E21,17311
2025-06-11,Quarta-feira,Uniswap,BUY,625,1.0789802669124667E19,9.97549831434472E21,17311
2025-05-15,Quinta-feira,Uniswap,SELL,1374,1.8679689919802855E19,4.0666552106141983E26,47960
2025-05-15,Quinta-feira,Uniswap,BUY,1374,1.8679689919802868E19,4.0666552106141983E26,47960
2025-05-16,Sexta-feira,Uniswap,BUY,1344,6.306734648518317E19,9.788895115820575E25,39096
2025-05-16,Sexta-feira,Uniswap,SELL,1344,6.306734648518327E19,9.788895115820575E25,39096
2025-05-11,Domingo,Uniswap,BUY,1312,1.0135791810901682E19,2.1281824014219926E26,36518
2025-05-11,Domingo,Uniswap,SELL,1268,1.013579181091269E19,2.202031002102251E26,36496
2025-06-14,Sábado,Uniswap,BUY,422,6.642517487400356E21,2.0629222661441313E20,6884
2025-06-14,Sábado,Uniswap,SELL,422,6.642517487400341E21,2.0629222661441323E20,6884
2025-05-28,Quarta-feira,Uniswap,BUY,553,1.0386166154530646E19,8.412128228689281E25,12585
2025-05-28,Quarta-feira,Uniswap,SELL,553,1.038616615453065E19,8.412128228689281E25,12585
2025-06-11,Quarta-feira,Balancer,BUY,36,18740317.569760624,7913.024087108974,222
2025-06-11,Quarta-feira,Balancer,SELL,36,18740317.569760628,7913.024087108975,222
2025-05-15,Quinta-feira,Balancer,BUY,75,46744449.0358956,2145.33820894879,880
2025-05-15,Quinta-feira,Balancer,SELL,75,46744449.03589561,2145.338208948791,880
2025-05-16,Sexta-feira,Balancer,SELL,79,59024058.2612383,743.2887541789148,966
2025-05-16,Sexta-feira,Balancer,BUY,79,59024058.261238314,743.2887541789147,966
2025-05-11,Domingo,Balancer,SELL,82,61859171.69524134,71540.31711755604,464
2025-05-11,Domingo,Balancer,BUY,82,62368679.128256954,71403.54092904188,470
2025-06-14,Sábado,Balancer,SELL,37,12530707.55113924,17749.18818572157,443
2025-06-14,Sábado,Balancer,BUY,37,12530707.55113924,17749.188185721563,443
2025-05-28,Quarta-feira,Balancer,SELL,36,12003631.98429394,170.4661975904425,186
2025-05-28,Quarta-feira,Balancer,BUY,36,12003631.984293941,170.46619759044256,186
2025-06-11,Quarta-feira,PancakeSwap,BUY,17,3.510040891029134E19,2320885248978.004,553
2025-06-11,Quarta-feira,PancakeSwap,SELL,17,3.510040891029134E19,2320885248978.004,553
2025-05-15,Quinta-feira,PancakeSwap,SELL,34,5.7028774925365084E19,28511.46005763129,1827
2025-05-15,Quinta-feira,PancakeSwap,BUY,34,5.702877492536508E19,28511.460057631288,1827
2025-05-16,Sexta-feira,PancakeSwap,SELL,28,4.651055269915167E19,367.9746581472161,1249
2025-05-16,Sexta-feira,PancakeSwap,BUY,28,4.651055269915168E19,367.97465814721625,1249
2025-05-11,Domingo,PancakeSwap,BUY,29,1.1484759472769008E19,32221.159845598424,1735
2025-05-11,Domingo,PancakeSwap,SELL,29,1.148475947277006E19,32396.07433767236,1748
2025-06-14,Sábado,PancakeSwap,BUY,11,3226602.444814078,230.38464746213876,110
2025-06-14,Sábado,PancakeSwap,SELL,11,3226602.4448140776,230.38464746213876,110
2025-05-28,Quarta-feira,PancakeSwap,BUY,15,6194065.330196499,413.1220594365249,335
2025-05-28,Quarta-feira,PancakeSwap,SELL,15,6194065.330196499,413.1220594365249,335
2025-05-11,Domingo,CRO DeFi Swap,SELL,2,12056.907795167292,11911.812706913583,2
2025-05-11,Domingo,CRO DeFi Swap,BUY,2,12056.907795167292,11911.812706913583,2
2025-05-15,Quinta-feira,Pangolin,SELL,2,18246.20402075017,10.48599076520947,2
2025-05-15,Quinta-feira,Pangolin,BUY,2,18246.20402075017,10.48599076520947,2
2025-05-11,Domingo,Pangolin,SELL,5,180613.53773920354,314294062.8475827,12
2025-05-11,Domingo,Pangolin,BUY,5,180613.53773920354,314294062.8475827,12
2025-05-28,Quarta-feira,Pangolin,BUY,8,135029.5856546575,590.2765709444192,442
2025-05-28,Quarta-feira,Pangolin,SELL,8,135029.5856546575,590.2765709444192,442
2025-06-11,Quarta-feira,Wigoswap,BUY,6,87964.8129970954,1.5514433292997742,149
2025-06-11,Quarta-feira,Wigoswap,SELL,6,87964.8129970954,1.5514433292997742,149
2025-05-15,Quinta-feira,Wigoswap,SELL,2,16524.19833154392,1.1964597337557898,3
2025-05-15,Quinta-feira,Wigoswap,BUY,2,16524.19833154392,1.1964597337557898,3
2025-05-11,Domingo,Wigoswap,SELL,1,7722.259172053329,0.5757441696131335,1
2025-05-11,Domingo,Wigoswap,BUY,1,7722.259172053329,0.5757441696131335,1
2025-05-28,Quarta-feira,Wigoswap,BUY,4,57186.66184102678,1.3536494170914692,114
2025-05-28,Quarta-feira,Wigoswap,SELL,4,57186.661841026784,1.3536494170914692,114
2025-06-11,Quarta-feira,Uniswap v3,SELL,135,32066394.471278936,303454.9039022755,7322
2025-06-11,Quarta-feira,Uniswap v3,BUY,135,32066394.471278936,303454.90390227543,7322
2025-05-15,Quinta-feira,Uniswap v3,SELL,78,18759929.327437542,4161.556716606917,1154
2025-05-15,Quinta-feira,Uniswap v3,BUY,78,18735449.975192387,2847.926203262514,1149
2025-05-16,Sexta-feira,Uniswap v3,SELL,74,17805134.066677194,5733.648903183916,870
2025-05-16,Sexta-feira,Uniswap v3,BUY,74,17805134.066677198,5733.648903183918,870
2025-05-11,Domingo,Uniswap v3,SELL,80,13171476.839597937,12270.512401379343,920
2025-05-11,Domingo,Uniswap v3,BUY,80,12350755.014039893,12270.429179507217,902
2025-06-14,Sábado,Uniswap v3,SELL,213,44664791.678288676,7992.948130817923,31159
2025-06-14,Sábado,Uniswap v3,BUY,213,44664791.67828869,7992.9481308179265,31159
2025-05-28,Quarta-feira,Uniswap v3,BUY,42,10438973.32794147,5229.659047259939,296
2025-05-28,Quarta-feira,Uniswap v3,SELL,42,10438973.327941466,5229.659047259937,296
2025-05-16,Sexta-feira,Verse Dex,SELL,2,15928.232477052556,141.82821384937162,2
2025-05-16,Sexta-feira,Verse Dex,BUY,2,15928.232477052556,141.82821384937162,2
2025-06-11,Quarta-feira,Curve,BUY,10,1372253.6846537406,0.9962425055619324,26
2025-06-11,Quarta-feira,Curve,SELL,10,1372253.6846537404,0.9962425055619322,26
2025-05-15,Quinta-feira,Curve,SELL,17,1074415.7150371403,1.0001219420162204,36
2025-05-15,Quinta-feira,Curve,BUY,17,1074415.7150371403,1.0001219420162204,36
2025-05-16,Sexta-feira,Curve,BUY,20,1283568.5568847617,0.9986947216985749,68
2025-05-16,Sexta-feira,Curve,SELL,20,1283568.556884762,0.9986947216985751,68
2025-05-11,Domingo,Curve,SELL,14,839604.5996844103,0.9923667169684524,38
2025-05-11,Domingo,Curve,BUY,14,735756.1798635648,1.0091384913640356,38
2025-06-14,Sábado,Curve,SELL,5,250706.24330007104,1.0094451680267054,6
2025-06-14,Sábado,Curve,BUY,5,250706.24330007104,1.0094451680267054,6
2025-05-28,Quarta-feira,Curve,BUY,3,42977.691782579044,1.0006300167097184,3
2025-05-28,Quarta-feira,Curve,SELL,3,42977.691782579044,1.0006300167097184,3
2025-06-14,Sábado,BombSwap,BUY,1,14193.74420580557,0.020788028730773317,41
2025-06-14,Sábado,BombSwap,SELL,1,14193.74420580557,0.020788028730773317,41
2025-06-11,Quarta-feira,QuickSwap,BUY,20,13036373.016203415,777.6962887542662,5049
2025-06-11,Quarta-feira,QuickSwap,SELL,20,13036373.01620342,777.6962887542662,5049
2025-05-15,Quinta-feira,QuickSwap,SELL,8,3363035.207614167,6.432663628223797,338
2025-05-15,Quinta-feira,QuickSwap,BUY,8,3363035.2076141667,6.432663628223796,338
2025-05-16,Sexta-feira,QuickSwap,BUY,6,2557258.428149013,5.947392329056932,274
2025-05-16,Sexta-feira,QuickSwap,SELL,6,2557258.4281490105,5.947392329056933,274
2025-05-11,Domingo,QuickSwap,SELL,14,1588706.8989940544,2.734909848942487,160
2025-05-11,Domingo,QuickSwap,BUY,13,1273750.558841405,2.9402670815264544,139
2025-06-14,Sábado,QuickSwap,BUY,54,34895480.362738,1450486.7729288784,54619
2025-06-14,Sábado,QuickSwap,SELL,54,34895480.36273818,1450486.7729288787,54619
2025-05-28,Quarta-feira,QuickSwap,SELL,5,815110.8418125977,3.5470920221810394,51
2025-05-28,Quarta-feira,QuickSwap,BUY,5,815110.8418125978,3.547092022181039,51
2025-06-11,Quarta-feira,Trader Joe,BUY,55,1.02941649946643664E17,198623613.64729473,1380
2025-06-11,Quarta-feira,Trader Joe,SELL,55,1.0294164994664368E17,198623613.64729464,1380
2025-05-15,Quinta-feira,Trader Joe,BUY,11,4.4303966815616248E16,3386.4930819873043,21
2025-05-15,Quinta-feira,Trader Joe,SELL,11,4.4303966815616248E16,3386.493081987304,21
2025-05-16,Sexta-feira,Trader Joe,SELL,10,8.4021870140369936E16,207.87545249834085,31
2025-05-16,Sexta-feira,Trader Joe,BUY,10,8.402187014036992E16,207.87545249834088,31
2025-05-11,Domingo,Trader Joe,SELL,8,7.8067993273752538E17,326.87770411191184,14
2025-05-11,Domingo,Trader Joe,BUY,8,7.806799327375255E17,326.8777041119118,14
2025-06-14,Sábado,Trader Joe,SELL,43,2.074651804993626E16,773318.5785956002,2211
2025-06-14,Sábado,Trader Joe,BUY,43,2.074651804993626E16,773318.5785956002,2211
2025-05-28,Quarta-feira,Trader Joe,BUY,44,1.22824671965430672E17,34357768.296456546,3441
2025-05-28,Quarta-feira,Trader Joe,SELL,44,1.2282467196543064E17,34357768.29645655,3441
2025-06-11,Quarta-feira,Zerox Exchange,SELL,25,6181100.6616970105,15152.324284713372,86
2025-06-11,Quarta-feira,Zerox Exchange,BUY,25,6181100.6616970105,15152.324284713372,86
2025-05-15,Quinta-feira,Zerox Exchange,BUY,32,11250758.694888512,6019535.2127985135,132
2025-05-15,Quinta-feira,Zerox Exchange,SELL,32,11250758.694888514,6019535.2127985135,132
2025-05-16,Sexta-feira,Zerox Exchange,SELL,28,5661286.040103007,12071.239828048952,89
2025-05-16,Sexta-feira,Zerox Exchange,BUY,28,5661286.040103006,12071.239828048952,89
2025-05-11,Domingo,Zerox Exchange,SELL,17,1959144.0521096825,12996.708175415597,60
2025-05-11,Domingo,Zerox Exchange,BUY,18,1787054.299352848,11997.926228031092,57
2025-06-14,Sábado,Zerox Exchange,SELL,12,3007682.3790467223,9631.393900888097,28
2025-06-14,Sábado,Zerox Exchange,BUY,12,3007682.379046723,9631.393900888097,28
2025-05-28,Quarta-feira,Zerox Exchange,BUY,15,2773343.2587033454,12468.160446673854,41
2025-05-28,Quarta-feira,Zerox Exchange,SELL,15,2773343.258703345,12468.160446673855,41
2025-05-15,Quinta-feira,Dodo,BUY,2,229277.79826902624,1.000037773012715,2
2025-05-15,Quinta-feira,Dodo,SELL,2,229277.79826902624,1.000037773012715,2
2025-05-11,Domingo,Dodo,BUY,3,327909.945238412,0.9998661488146698,4
2025-05-11,Domingo,Dodo,SELL,3,327909.945238412,0.9998661488146698,4
2025-05-28,Quarta-feira,Dodo,BUY,2,249255.17547401224,1.0004639572396197,2
2025-05-28,Quarta-feira,Dodo,SELL,2,249255.17547401224,1.0004639572396197,2
2025-06-11,Quarta-feira,SushiSwap,SELL,9,447510.6578744577,3409771.1933254623,29
2025-06-11,Quarta-feira,SushiSwap,BUY,9,447510.6578744577,3409771.193325462,29
2025-05-15,Quinta-feira,SushiSwap,BUY,18,1332635.485227514,1027.8092301435313,154
2025-05-15,Quinta-feira,SushiSwap,SELL,18,1332635.4852275138,1027.809230143531,154
2025-05-16,Sexta-feira,SushiSwap,BUY,13,811195.2066080186,315738.8829882813,93
2025-05-16,Sexta-feira,SushiSwap,SELL,13,811195.2066080186,315738.8829882813,93
2025-05-11,Domingo,SushiSwap,BUY,15,1944983.6062922725,1038.6929288886697,181
2025-05-11,Domingo,SushiSwap,SELL,15,2370372.0120967836,1202.8454666749385,199
2025-06-14,Sábado,SushiSwap,BUY,6,85147.01918679338,28478.189642271245,41
2025-06-14,Sábado,SushiSwap,SELL,6,85147.01918679338,28478.189642271245,41
2025-05-28,Quarta-feira,SushiSwap,SELL,2,93790.208888294,20.32386626936288,8
2025-05-28,Quarta-feira,SushiSwap,BUY,2,93790.208888294,20.32386626936288,8
2025-05-13,Terça-feira,SpookySwap,BUY,1,5639.9047007462295,0.0006933226927646446,1
2025-05-13,Terça-feira,SpookySwap,SELL,1,5639.9047007462295,0.0006933226927646446,1
2025-05-22,Quinta-feira,SpookySwap,SELL,1,6610.202965589023,1066.0903421110565,1
2025-05-22,Quinta-feira,SpookySwap,BUY,1,6610.202965589023,1066.0903421110565,1
2025-05-27,Terça-feira,SpookySwap,BUY,4,43831.5842193375,19.582476640775003,64
2025-05-27,Terça-feira,SpookySwap,SELL,4,43831.5842193375,19.582476640775003,64
2025-05-26,Segunda-feira,SpookySwap,SELL,1,10170.37059781177,0.015975320838902088,21
2025-05-26,Segunda-feira,SpookySwap,BUY,1,10170.37059781177,0.015975320838902088,21
2025-06-16,Segunda-feira,SpookySwap,SELL,2,20159.384085001075,0.007796194014822223,24
2025-06-16,Segunda-feira,SpookySwap,BUY,2,20159.384085001075,0.007796194014822223,24
2025-05-13,Terça-feira,Bancor Network,SELL,3,97536.86443552212,1183.601250908274,16
2025-05-13,Terça-feira,Bancor Network,BUY,3,97536.86443552212,1183.601250908274,16
2025-05-22,Quinta-feira,Bancor Network,SELL,4,46497.17647769099,897.0886512065267,4
2025-05-22,Quinta-feira,Bancor Network,BUY,4,46497.17647769099,897.0886512065267,4
2025-05-27,Terça-feira,Bancor Network,SELL,1,10548.593217249962,3675.753367777195,1
2025-05-27,Terça-feira,Bancor Network,BUY,1,10548.593217249962,3675.753367777195,1
2025-05-22,Quinta-feira,1inch Liquidity Protocol,SELL,1,5883.615008488006,0.0032253960594864454,1
2025-05-22,Quinta-feira,1inch Liquidity Protocol,BUY,1,5883.615008488006,0.0032253960594864454,1
2025-05-13,Terça-feira,Uniswap,SELL,1011,3.347975081928922E19,1.3334987982039202E25,33134
2025-05-13,Terça-feira,Uniswap,BUY,1011,3.3479750819289256E19,1.3334987982039208E25,33134
2025-05-22,Quinta-feira,Uniswap,BUY,996,4.510237439018737E19,1.2919356559476172E22,30252
2025-05-22,Quinta-feira,Uniswap,SELL,996,4.5102374390187524E19,1.2919356559476172E22,30252
2025-05-27,Terça-feira,Uniswap,SELL,526,1010732923.1636146,5.159534993990035E26,13870
2025-05-27,Terça-feira,Uniswap,BUY,526,1010732923.1636143,5.159534993990035E26,13870
2025-05-26,Segunda-feira,Uniswap,BUY,502,759985519.277894,4.172612029384325E20,9737
2025-05-26,Segunda-feira,Uniswap,SELL,502,759985519.277894,4.1726120293843265E20,9737
2025-06-16,Segunda-feira,Uniswap,BUY,22,5.482558679404946E21,14.85254900963213,204
2025-06-16,Segunda-feira,Uniswap,SELL,15,8.08091309167046E21,2.1457180645778585E24,176
2025-05-13,Terça-feira,Balancer,BUY,66,27821825.23418027,484.42985109819597,533
2025-05-13,Terça-feira,Balancer,SELL,66,27821825.234180268,484.429851098196,533
2025-05-22,Quinta-feira,Balancer,SELL,58,18671993.58305974,747.6299027091571,355
2025-05-22,Quinta-feira,Balancer,BUY,58,18671993.583059736,747.6299027091575,355
2025-05-27,Terça-feira,Balancer,SELL,33,9381009.947860423,188.52587594890576,208
2025-05-27,Terça-feira,Balancer,BUY,33,9381009.947860422,188.5258759489058,208
2025-05-26,Segunda-feira,Balancer,SELL,34,9005112.058660751,64.26055097127751,281
2025-05-26,Segunda-feira,Balancer,BUY,34,9005112.05866075,64.26055097127755,281
2025-06-16,Segunda-feira,Balancer,SELL,12,243316.47310516366,104113.79594484593,661
2025-06-16,Segunda-feira,Balancer,BUY,12,243316.47310516358,104113.79594484596,661
2025-06-17,Terça-feira,Balancer,BUY,13,225064.30281832934,104236.23375268068,765
2025-06-17,Terça-feira,Balancer,SELL,13,225064.3028183293,104236.23375268065,765
2025-05-13,Terça-feira,PancakeSwap,SELL,25,4.4557808867573916E19,878842559023.5847,1441
2025-05-13,Terça-feira,PancakeSwap,BUY,25,4.455780886757391E19,878842559023.5845,1441
2025-05-22,Quinta-feira,PancakeSwap,BUY,24,8.044910178072522E19,1293.242826264877,1381
2025-05-22,Quinta-feira,PancakeSwap,SELL,24,8.044910178072525E19,1293.242826264877,1381
2025-05-27,Terça-feira,PancakeSwap,BUY,11,7589363.608789244,552.1884724695325,401
2025-05-27,Terça-feira,PancakeSwap,SELL,11,7589363.608789245,552.1884724695324,401
2025-05-26,Segunda-feira,PancakeSwap,BUY,14,1.8296878267331207E19,437.44191793988057,192
2025-05-26,Segunda-feira,PancakeSwap,SELL,14,1.8296878267331207E19,437.44191793988057,192
2025-05-13,Terça-feira,Pangolin,SELL,2,16355.48772926371,66.64896608846678,2
2025-05-13,Terça-feira,Pangolin,BUY,2,16355.48772926371,66.64896608846678,2
2025-05-22,Quinta-feira,Pangolin,SELL,3,55021.24437769008,92.24245079434449,7
2025-05-22,Quinta-feira,Pangolin,BUY,3,55021.24437769008,92.24245079434449,7
2025-05-27,Terça-feira,Pangolin,SELL,3,145087.95115962706,41.712105357832726,373
2025-05-27,Terça-feira,Pangolin,BUY,3,145087.95115962706,41.712105357832755,373
2025-05-26,Segunda-feira,Pangolin,SELL,3,228136.43732549108,40.28378878381994,521
2025-05-26,Segunda-feira,Pangolin,BUY,3,228136.43732549105,40.28378878381994,521
2025-06-16,Segunda-feira,Pangolin,BUY,2,18714.190743242965,68.56296900070498,9
2025-06-16,Segunda-feira,Pangolin,SELL,2,18714.190743242965,68.56296900070498,9
2025-05-22,Quinta-feira,Wigoswap,BUY,1,6871.565411499323,0.5144042183043381,1
2025-05-22,Quinta-feira,Wigoswap,SELL,1,6871.565411499323,0.5144042183043381,1
2025-05-27,Terça-feira,Wigoswap,SELL,4,46421.08496552779,1.3289902825704487,248
2025-05-27,Terça-feira,Wigoswap,BUY,4,46421.084965527785,1.328990282570449,248
2025-05-26,Segunda-feira,Wigoswap,SELL,4,97090.19966651309,1.3284260404141854,355
2025-05-26,Segunda-feira,Wigoswap,BUY,4,97090.19966651309,1.3284260404141857,355
2025-06-16,Segunda-feira,Wigoswap,BUY,2,12054.644871168413,1.2852165182935693,30
2025-06-16,Segunda-feira,Wigoswap,SELL,2,12054.644871168413,1.2852165182935693,30
2025-06-17,Terça-feira,Wigoswap,BUY,2,15755.439234547712,0.44960811244502186,49
2025-06-17,Terça-feira,Wigoswap,SELL,2,15755.439234547712,0.44960811244502186,49
2025-05-13,Terça-feira,Uniswap v3,SELL,88,18394559.11924019,2508.256366655585,1073
2025-05-13,Terça-feira,Uniswap v3,BUY,90,18836253.433289085,2452.5287216842876,1092
2025-05-22,Quinta-feira,Uniswap v3,SELL,100,18677048.609357383,3665.6717447942165,974
2025-05-22,Quinta-feira,Uniswap v3,BUY,101,18911331.917113513,3629.3779654335644,980
2025-05-27,Terça-feira,Uniswap v3,BUY,46,14313093.58644563,2539.583023064092,360
2025-05-27,Terça-feira,Uniswap v3,SELL,46,14313093.58644563,2539.58302306409,360
2025-05-26,Segunda-feira,Uniswap v3,SELL,37,9470072.50848851,3035.1654365741288,237
2025-05-26,Segunda-feira,Uniswap v3,BUY,37,9470072.508488508,3035.1654365741283,237
2025-06-16,Segunda-feira,Uniswap v3,BUY,264,73607409.29735301,339343.1648804753,51086
2025-06-16,Segunda-feira,Uniswap v3,SELL,264,73607409.29735298,339343.1648804752,51086
2025-06-17,Terça-feira,Uniswap v3,SELL,269,73358616.38336506,324406.63484598964,54628
2025-06-17,Terça-feira,Uniswap v3,BUY,270,73552933.41817746,323205.1324915972,54632
2025-05-13,Terça-feira,Curve,BUY,9,183337.81694582288,0.8727800715715686,10
2025-05-13,Terça-feira,Curve,SELL,9,183337.81694582288,0.8727800715715686,10
2025-05-22,Quinta-feira,Curve,BUY,9,743181.4926155852,1.0033701101447174,62
2025-05-22,Quinta-feira,Curve,SELL,9,743181.4926155852,1.0033701101447177,62
2025-05-27,Terça-feira,Curve,SELL,6,540272.8909448194,0.9791868596886967,9
2025-05-27,Terça-feira,Curve,BUY,6,540272.8909448194,0.9791868596886969,9
2025-05-26,Segunda-feira,Curve,SELL,2,30947.627760864598,0.9610034162250081,2
2025-05-26,Segunda-feira,Curve,BUY,2,30947.627760864598,0.9610034162250081,2
2025-05-13,Terça-feira,QuickSwap,SELL,9,3101435.2562302384,3.978803688577846,288
2025-05-13,Terça-feira,QuickSwap,BUY,9,3101435.2562302374,3.978803688577846,288
2025-05-22,Quinta-feira,QuickSwap,SELL,11,3495332.0419788486,2.461390825588557,318
2025-05-22,Quinta-feira,QuickSwap,BUY,11,3495332.041978849,2.4613908255885573,318
2025-05-27,Terça-feira,QuickSwap,BUY,6,786381.9831232106,4.754853644686725,48
2025-05-27,Terça-feira,QuickSwap,SELL,6,786381.9831232106,4.754853644686723,48
2025-05-26,Segunda-feira,QuickSwap,BUY,3,596243.6159359008,5.271835539033464,43
2025-05-26,Segunda-feira,QuickSwap,SELL,3,596243.6159359008,5.271835539033464,43
2025-06-16,Segunda-feira,QuickSwap,SELL,57,78186209.35626043,9036.873238111708,65963
2025-06-16,Segunda-feira,QuickSwap,BUY,57,78186209.3562606,9036.873238111706,65963
2025-06-17,Terça-feira,QuickSwap,BUY,50,33792319.13820598,1368.7344201758835,53051
2025-06-17,Terça-feira,QuickSwap,SELL,50,33792319.13820616,1368.7344201758833,53051
2025-05-13,Terça-feira,Trader Joe,SELL,13,8.192276889326376E16,1.8878399039970026E23,76
2025-05-13,Terça-feira,Trader Joe,BUY,13,8.192276889326376E16,1.8878399039970026E23,76
2025-05-22,Quinta-feira,Trader Joe,SELL,13,1.26682179193565136E17,2.3531254562650068E23,17
2025-05-22,Quinta-feira,Trader Joe,BUY,13,1.2668217919356512E17,2.3531254562650068E23,17
2025-05-27,Terça-feira,Trader Joe,BUY,47,1.12468322288370832E17,5.7489912640597555E22,3659
2025-05-27,Terça-feira,Trader Joe,SELL,47,1.12468322288370848E17,5.7489912640597555E22,3659
2025-05-26,Segunda-feira,Trader Joe,SELL,44,3.8294198853218989E17,6.848696479426499E19,3313
2025-05-26,Segunda-feira,Trader Joe,BUY,44,3.8294198853218995E17,6.848696479426499E19,3313
2025-06-16,Segunda-feira,Trader Joe,BUY,36,282583765256.5198,9.986855959770085E18,1386
2025-06-16,Segunda-feira,Trader Joe,SELL,36,282583765256.51984,9.986855959770085E18,1386
2025-06-17,Terça-feira,Trader Joe,SELL,43,7.9466281962714704E16,3.675827516508568E22,1573
2025-06-17,Terça-feira,Trader Joe,BUY,43,7.9466281962714672E16,3.675827516508568E22,1573
2025-05-13,Terça-feira,Zerox Exchange,SELL,37,5397729.591921972,5468059.038714699,134
2025-05-13,Terça-feira,Zerox Exchange,BUY,37,5397729.591921971,5468059.038714701,134
2025-05-22,Quinta-feira,Zerox Exchange,BUY,34,14224266.869977865,9801.612449680573,133
2025-05-22,Quinta-feira,Zerox Exchange,SELL,34,14224266.869977865,9801.612449680575,133
2025-05-27,Terça-feira,Zerox Exchange,SELL,18,7272994.591541353,20503.477100079133,91
2025-05-27,Terça-feira,Zerox Exchange,BUY,18,7272994.591541354,20503.477100079137,91
2025-05-26,Segunda-feira,Zerox Exchange,BUY,19,3438560.9271787102,15898.248311526831,56
2025-05-26,Segunda-feira,Zerox Exchange,SELL,19,3438560.9271787107,15898.248311526835,56
2025-06-16,Segunda-feira,Zerox Exchange,BUY,1,10013.39066672486,285.9019826845974,1
2025-05-13,Terça-feira,Dodo,SELL,2,12038.621222999529,0.9999945855687462,2
2025-05-13,Terça-feira,Dodo,BUY,2,12038.621222999529,0.9999945855687462,2
2025-06-16,Segunda-feira,Dodo,BUY,2,16511.819699720294,0.9999644313289257,68
2025-06-16,Segunda-feira,Dodo,SELL,2,16511.819699720294,0.9999644313289257,68
2025-05-13,Terça-feira,SushiSwap,BUY,14,2262576.7737675817,1676.4482736132566,180
2025-05-13,Terça-feira,SushiSwap,SELL,14,2262576.7737675817,1676.4482736132566,180
2025-05-22,Quinta-feira,SushiSwap,SELL,15,1200816.8688793373,2862414.7056453982,143
2025-05-22,Quinta-feira,SushiSwap,BUY,15,1200816.8688793378,2862414.7056453982,143
2025-05-27,Terça-feira,SushiSwap,BUY,4,217314.49026094988,8555292.543796357,18
2025-05-27,Terça-feira,SushiSwap,SELL,4,217314.49026094988,8555292.543796357,18
2025-05-26,Segunda-feira,SushiSwap,SELL,5,105190.07451676774,43.83201600388523,8
2025-05-26,Segunda-feira,SushiSwap,BUY,5,105190.07451676774,43.832016003885215,8
2025-06-16,Segunda-feira,SushiSwap,BUY,5,43756.63231744705,3.6674630277723566,143
2025-06-16,Segunda-feira,SushiSwap,SELL,5,43756.63231744705,3.6674630277723574,143
2025-06-17,Terça-feira,SushiSwap,SELL,2,28097.60068662867,3.1136767031852006,114
2025-06-17,Terça-feira,SushiSwap,BUY,2,28097.600686628677,3.1136767031852,114
2025-06-01,Domingo,SpookySwap,SELL,2,10963.918424863528,0.9359145063320778,14
2025-06-01,Domingo,SpookySwap,BUY,2,10963.918424863528,0.9359145063320778,14
2025-05-20,Terça-feira,SpookySwap,BUY,1,5848.468683562563,1212.6906234298451,1
2025-05-20,Terça-feira,SpookySwap,SELL,1,5848.468683562563,1212.6906234298451,1
2025-05-21,Quarta-feira,SpookySwap,BUY,1,5564.875199057443,0.10569353472027243,1
2025-05-21,Quarta-feira,SpookySwap,SELL,1,5564.875199057443,0.10569353472027243,1
2025-05-17,Sábado,SpookySwap,SELL,1,5001.729182537757,0.006857042092637523,1
2025-05-17,Sábado,SpookySwap,BUY,1,5001.729182537757,0.006857042092637523,1
2025-05-19,Segunda-feira,Bancor Network,SELL,2,34671.20902730881,1263.576668421369,2
2025-05-19,Segunda-feira,Bancor Network,BUY,2,34671.20902730881,1263.576668421369,2
2025-06-01,Domingo,Uniswap,BUY,446,1.2483373961516444E19,1.3288198680202192E26,7868
2025-06-01,Domingo,Uniswap,SELL,446,1.2483373961516438E19,1.3288198680202192E26,7868
2025-05-20,Terça-feira,Uniswap,SELL,561,8.73873301686284E19,1.5587192765485877E26,13753
2025-05-20,Terça-feira,Uniswap,BUY,561,8.738733016862823E19,1.5587192765485877E26,13753
2025-05-19,Segunda-feira,Uniswap,SELL,537,1291190396.7107627,5.745002144001162E26,16430
2025-05-19,Segunda-feira,Uniswap,BUY,537,1291190396.7107625,5.745002144001162E26,16430
2025-05-21,Quarta-feira,Uniswap,SELL,535,1.5172318116690997E19,2.649170630043406E25,17646
2025-05-21,Quarta-feira,Uniswap,BUY,535,1.5172318116695595E19,2.649170630043406E25,17630
2025-05-18,Domingo,Uniswap,BUY,500,3.098571560540217E19,2.607207461813657E22,12662
2025-05-18,Domingo,Uniswap,SELL,500,3.0985715605402178E19,2.607207461813657E22,12662
2025-05-17,Sábado,Uniswap,SELL,498,1.1603786794166444E19,2.7300417800347173E25,9509
2025-05-17,Sábado,Uniswap,BUY,498,1.1603786794166462E19,2.7300417800347173E25,9509
2025-05-08,Quinta-feira,Uniswap,SELL,529,2.8332816488382546E19,1.1627515556842684E26,17679
2025-05-08,Quinta-feira,Uniswap,BUY,529,2.8332816488382525E19,1.1627515556842684E26,17679
2025-06-01,Domingo,Balancer,BUY,30,7326338.807706101,222.84067767928465,215
2025-06-01,Domingo,Balancer,SELL,30,7326338.807706102,222.84067767928465,215
2025-05-20,Terça-feira,Balancer,BUY,41,17592188.525621105,210.56159823652035,399
2025-05-20,Terça-feira,Balancer,SELL,41,17592188.525621105,210.5615982365204,399
2025-05-19,Segunda-feira,Balancer,BUY,42,17322911.066093292,2741.2302244056004,414
2025-05-19,Segunda-feira,Balancer,SELL,42,17322911.066093292,2741.2302244056,414
2025-05-21,Quarta-feira,Balancer,SELL,18,3617166.444013718,1002.4871200359723,104
2025-05-21,Quarta-feira,Balancer,BUY,14,5169074.027634017,382.6309556636458,159
2025-05-18,Domingo,Balancer,BUY,30,20939710.472861715,243.1514062360046,349
2025-05-18,Domingo,Balancer,SELL,30,20939710.472861715,243.15140623600462,349
2025-05-17,Sábado,Balancer,BUY,33,10828558.299922837,116.43539981783114,272
2025-05-17,Sábado,Balancer,SELL,33,10828558.29992284,116.43539981783115,272
2025-05-08,Quinta-feira,Balancer,BUY,53,27451379.42016202,355.9149284926898,397
2025-05-08,Quinta-feira,Balancer,SELL,53,27451379.420162015,355.91492849268985,397
2025-06-01,Domingo,PancakeSwap,BUY,12,2866906.0635554884,418.0331285946518,141
2025-06-01,Domingo,PancakeSwap,SELL,12,2866906.063555488,418.0331285946518,141
2025-05-20,Terça-feira,PancakeSwap,BUY,13,8729643.07135753,333.2698706881596,414
2025-05-20,Terça-feira,PancakeSwap,SELL,13,8729643.07135753,333.2698706881596,414
2025-05-19,Segunda-feira,PancakeSwap,SELL,13,1.3827382150103245E19,778.9009985404359,605
2025-05-19,Segunda-feira,PancakeSwap,BUY,13,1.3827382150103245E19,778.9009985404357,605
2025-05-21,Quarta-feira,PancakeSwap,SELL,13,5.278054432707201E19,387.37632432792395,677
2025-05-21,Quarta-feira,PancakeSwap,BUY,13,5.2780544327072055E19,387.37660797594623,674
2025-05-18,Domingo,PancakeSwap,SELL,12,4.1508411316365574E19,85190.17000214396,454
2025-05-18,Domingo,PancakeSwap,BUY,12,4.1508411316365574E19,85190.17000214396,454
2025-05-17,Sábado,PancakeSwap,SELL,10,4.6933486921446695E19,477.21939291932324,271
2025-05-17,Sábado,PancakeSwap,BUY,10,4.6933486921446695E19,477.219392919323,271
2025-05-08,Quinta-feira,PancakeSwap,BUY,20,3.641445172897259E19,1196655980902.2078,723
2025-05-08,Quinta-feira,PancakeSwap,SELL,20,3.641445172897259E19,1196655980902.2078,723
2025-06-01,Domingo,Pangolin,BUY,1,6226.892161941781,122.72556679312684,5
2025-06-01,Domingo,Pangolin,SELL,1,6226.892161941781,122.72556679312684,5
2025-05-18,Domingo,Pangolin,SELL,1,6226.703289111912,126.42158671641073,1
2025-05-18,Domingo,Pangolin,BUY,1,6226.703289111912,126.42158671641073,1
2025-05-17,Sábado,Pangolin,SELL,1,11302.03324009236,0.008087830457311611,2
2025-05-17,Sábado,Pangolin,BUY,1,11302.03324009236,0.008087830457311611,2
2025-06-01,Domingo,Wigoswap,SELL,4,33175.62459909146,1.4055258998478721,109
2025-06-01,Domingo,Wigoswap,BUY,4,33175.624599091454,1.4055258998478721,109
2025-06-01,Domingo,Uniswap v3,BUY,119,38700761.927263916,11278.296286634255,4371
2025-06-01,Domingo,Uniswap v3,SELL,119,38700761.9272639,11278.296286634257,4371
2025-05-20,Terça-feira,Uniswap v3,SELL,113,43137808.45706237,6692.811322918846,1937
2025-05-20,Terça-feira,Uniswap v3,BUY,111,41350107.2912668,6813.384498159434,1878
2025-05-19,Segunda-feira,Uniswap v3,BUY,98,106229209.24575014,8670.916033508018,2589
2025-05-19,Segunda-feira,Uniswap v3,SELL,98,90571030.48971426,8670.908036356677,2463
2025-05-21,Quarta-feira,Uniswap v3,BUY,104,37542840.49982351,5293.639532825591,1776
2025-05-21,Quarta-feira,Uniswap v3,SELL,103,37912555.98467238,4288.608431788565,1752
2025-05-18,Domingo,Uniswap v3,SELL,81,34153899.33759202,5409.286510617294,1540
2025-05-18,Domingo,Uniswap v3,BUY,80,32482850.999408834,5476.7678145766495,1478
2025-05-17,Sábado,Uniswap v3,BUY,67,15241162.18984902,1649.9983128952827,733
2025-05-17,Sábado,Uniswap v3,SELL,67,15241162.189849015,1649.9983128952829,733
2025-05-08,Quinta-feira,Uniswap v3,SELL,37,11747184.13652349,2980.7784000489037,341
2025-05-08,Quinta-feira,Uniswap v3,BUY,37,11747184.13652349,2980.778400048904,341
2025-05-20,Terça-feira,Verse Dex,SELL,2,22650.849366923554,13849169.855368638,2
2025-05-20,Terça-feira,Verse Dex,BUY,2,22650.849366923554,13849169.855368638,2
2025-06-01,Domingo,Curve,SELL,1,10169.152748717923,0.944128852504907,1
2025-06-01,Domingo,Curve,BUY,1,10169.152748717923,0.944128852504907,1
2025-05-20,Terça-feira,Curve,BUY,6,174789.4779652003,0.9865834198722689,10
2025-05-20,Terça-feira,Curve,SELL,6,174789.47796520032,0.986583419872269,10
2025-05-19,Segunda-feira,Curve,BUY,11,974267.4071957082,0.9997832642553653,41
2025-05-19,Segunda-feira,Curve,SELL,11,974267.4071957082,0.9997832642553655,41
2025-05-21,Quarta-feira,Curve,SELL,4,112684.7968632398,0.9844741202284204,7
2025-05-21,Quarta-feira,Curve,BUY,5,417742.9031663276,1.0215323051231795,18
2025-05-18,Domingo,Curve,SELL,11,567079.4123684422,0.999822657410526,30
2025-05-18,Domingo,Curve,BUY,11,567079.412368442,0.9998226574105261,30
2025-05-17,Sábado,Curve,SELL,9,860240.0455735478,1.0051840101771046,33
2025-05-17,Sábado,Curve,BUY,9,860240.0455735478,1.0051840101771046,33
2025-05-08,Quinta-feira,Curve,BUY,5,437001.07564054127,1.021056630049805,9
2025-05-08,Quinta-feira,Curve,SELL,5,437001.07564054127,1.021056630049805,9
2025-06-01,Domingo,QuickSwap,BUY,16,5091029.98286671,890.732457199691,1956
2025-06-01,Domingo,QuickSwap,SELL,16,5091029.982866708,890.732457199691,1956
2025-05-20,Terça-feira,QuickSwap,BUY,20,41243811.043691255,3.3897231864924158,2520
2025-05-20,Terça-feira,QuickSwap,SELL,20,41241920.19372566,3.389891895022867,2519
2025-05-19,Segunda-feira,QuickSwap,BUY,10,3442396.9267127225,3.542146779307987,305
2025-05-19,Segunda-feira,QuickSwap,SELL,11,3543254.384357839,4.729551857064037,311
2025-05-21,Quarta-feira,QuickSwap,BUY,18,4569871.716487341,307.15372890502755,339
2025-05-21,Quarta-feira,QuickSwap,SELL,19,5371422.63249852,290.99108639775955,376
2025-05-18,Domingo,QuickSwap,SELL,13,1795497.308548363,187.1484264706962,182
2025-05-18,Domingo,QuickSwap,BUY,12,1691125.1292372276,201.3276539562644,176
2025-05-17,Sábado,QuickSwap,BUY,8,2955266.8925426267,4.537149870318463,299
2025-05-17,Sábado,QuickSwap,SELL,9,3010107.582829191,5.926665305395146,303
2025-05-08,Quinta-feira,QuickSwap,BUY,2,403705.5455411711,7.5538220786589525,19
2025-05-08,Quinta-feira,QuickSwap,SELL,2,403705.54554117116,7.553822078658951,19
2025-06-01,Domingo,Trader Joe,SELL,25,8.7262292989827936E16,1.2231980903502497E23,402
2025-06-01,Domingo,Trader Joe,BUY,25,8.7262292989827952E16,1.2231980903502497E23,402
2025-05-20,Terça-feira,Trader Joe,SELL,13,3.1268088342916762E17,3.394611987296478E20,49
2025-05-20,Terça-feira,Trader Joe,BUY,13,3.1268088342916755E17,3.394611987296478E20,49
2025-05-19,Segunda-feira,Trader Joe,BUY,5,53780.68500158592,5687936.628885838,7
2025-05-19,Segunda-feira,Trader Joe,SELL,5,53780.68500158592,5687936.628885838,7
2025-05-21,Quarta-feira,Trader Joe,BUY,11,2.8673369774880944E17,2.3715291297499683E20,23
2025-05-21,Quarta-feira,Trader Joe,SELL,11,2.8673369774880944E17,2.3715291297499683E20,23
2025-05-18,Domingo,Trader Joe,BUY,4,67684.916739696,7009351.829364056,7
2025-05-18,Domingo,Trader Joe,SELL,4,67684.91673969601,7009351.829364055,7
2025-05-17,Sábado,Trader Joe,BUY,6,4.910833901123848E16,350.3579465981042,7
2025-05-17,Sábado,Trader Joe,SELL,6,4.910833901123848E16,350.3579465981042,7
2025-05-08,Quinta-feira,Trader Joe,BUY,2,6.8155727625628832E16,1.113112118036308e-22,2
2025-05-08,Quinta-feira,Trader Joe,SELL,2,6.8155727625628832E16,1.113112118036308e-22,2
2025-06-01,Domingo,Zerox Exchange,BUY,18,3863743.1300175237,6262.836574264629,60
2025-06-01,Domingo,Zerox Exchange,SELL,18,3863743.130017524,6262.83657426463,60
2025-05-20,Terça-feira,Zerox Exchange,SELL,24,9966188.647394923,9671.369996129433,83
2025-05-20,Terça-feira,Zerox Exchange,BUY,24,9966188.647394927,9671.369996129433,83
2025-05-19,Segunda-feira,Zerox Exchange,SELL,15,6593587.572399091,12719070.091763403,60
2025-05-19,Segunda-feira,Zerox Exchange,BUY,15,6593587.57239909,12719070.091763407,60
2025-05-21,Quarta-feira,Zerox Exchange,SELL,21,7440912.082086051,17512.235387523295,72
2025-05-21,Quarta-feira,Zerox Exchange,BUY,21,7440912.082086052,17512.235387523295,72
2025-05-18,Domingo,Zerox Exchange,BUY,20,6995640.036901867,14598.042899467386,64
2025-05-18,Domingo,Zerox Exchange,SELL,20,6995640.036901865,14598.042899467386,64
2025-05-17,Sábado,Zerox Exchange,BUY,13,2407389.761642514,14601.193554897518,36
2025-05-17,Sábado,Zerox Exchange,SELL,13,2407389.7616425133,14601.193554897518,36
2025-05-08,Quinta-feira,Zerox Exchange,BUY,13,2772293.496907567,15885.812204649255,52
2025-05-08,Quinta-feira,Zerox Exchange,SELL,13,2772293.496907567,15885.812204649255,52
2025-05-19,Segunda-feira,Dodo,BUY,2,231332.4091535735,1.0000613554949123,2
2025-05-19,Segunda-feira,Dodo,SELL,2,231332.4091535735,1.0000613554949123,2
2025-05-08,Quinta-feira,Dodo,BUY,2,40719.517291940705,0.999992069595161,2
2025-05-08,Quinta-feira,Dodo,SELL,2,40719.517291940705,0.999992069595161,2
2025-06-01,Domingo,SushiSwap,SELL,5,140399.6359286131,550.7373052004508,8
2025-06-01,Domingo,SushiSwap,BUY,5,140399.6359286131,550.7373052004508,8
2025-05-20,Terça-feira,SushiSwap,SELL,4,164341.50981781678,10.401563950413475,12
2025-05-20,Terça-feira,SushiSwap,BUY,4,164341.50981781684,10.401563950413475,12
2025-05-19,Segunda-feira,SushiSwap,SELL,9,661309.1807038941,663.0778919449177,40
2025-05-19,Segunda-feira,SushiSwap,BUY,9,661309.1807038941,663.0778919449177,40
2025-05-21,Quarta-feira,SushiSwap,SELL,6,717941.2308239494,819.4639101104689,35
2025-05-21,Quarta-feira,SushiSwap,BUY,6,717941.2308239494,819.463910110469,35
2025-05-18,Domingo,SushiSwap,SELL,5,778694.7172720815,506.6916734337959,40
2025-05-18,Domingo,SushiSwap,BUY,5,778694.7172720815,506.6916734337959,40
2025-05-17,Sábado,SushiSwap,SELL,7,223891.61340015082,30166.952235732864,16
2025-05-17,Sábado,SushiSwap,BUY,7,223891.61340015082,30166.952235732868,16
2025-05-08,Quinta-feira,SushiSwap,SELL,9,1250786.8373779224,606.4294612318804,68
2025-05-08,Quinta-feira,SushiSwap,BUY,9,1250786.8373779226,606.4294612318805,68
2025-06-08,Domingo,SpookySwap,SELL,3,21951.36415849196,81.20045039930267,23
2025-06-08,Domingo,SpookySwap,BUY,3,21951.36415849196,81.20045039930267,23
2025-05-25,Domingo,SpookySwap,BUY,6,63747.72585035495,309.50047240126014,76
2025-05-25,Domingo,SpookySwap,SELL,6,63747.72585035497,309.5004724012601,76
2025-05-07,Quarta-feira,Uniswap,BUY,386,2.3414514330668007E19,7.464600398345718E26,9064
2025-05-07,Quarta-feira,Uniswap,SELL,386,2.3414514330667962E19,7.464600398345719E26,9064
2025-05-05,Segunda-feira,Uniswap,SELL,369,9.234608023467942E18,5.22218449656053E25,8695
2025-05-05,Segunda-feira,Uniswap,BUY,369,9.23460802346794E18,5.22218449656053E25,8695
2025-05-04,Domingo,Uniswap,SELL,392,1.810428317510781E19,1.872990116334554E26,6216
2025-05-04,Domingo,Uniswap,BUY,392,1.8104283175107807E19,1.872990116334554E26,6216
2025-05-06,Terça-feira,Uniswap,SELL,367,5.8156795719273206E18,1.1746831562036016E23,9183
2025-05-06,Terça-feira,Uniswap,BUY,367,5.8156795719273226E18,1.1746831562036016E23,9183
2025-05-07,Quarta-feira,Balancer,SELL,35,12822806.759614008,97.48883257143433,304
2025-05-07,Quarta-feira,Balancer,BUY,35,12822806.759614006,97.4888325714343,304
2025-05-05,Segunda-feira,Balancer,SELL,39,16303423.202489093,1.2364182450968264,398
2025-05-05,Segunda-feira,Balancer,BUY,39,16303423.202489093,1.2364182450968264,398
2025-05-04,Domingo,Balancer,BUY,27,10568798.099850744,1.398979276051801,245
2025-05-04,Domingo,Balancer,SELL,27,10568798.099850744,1.398979276051801,245
2025-06-08,Domingo,Balancer,SELL,3,41341.13698624503,1.2015668119038525,6
2025-06-08,Domingo,Balancer,BUY,3,41341.13698624503,1.2015668119038525,6
2025-05-06,Terça-feira,Balancer,BUY,41,16338211.61044044,4752.977024800019,411
2025-05-06,Terça-feira,Balancer,SELL,41,16338211.61044044,4752.977024800018,411
2025-05-07,Quarta-feira,PancakeSwap,SELL,14,7838743.928734364,263.77057254760103,237
2025-05-07,Quarta-feira,PancakeSwap,BUY,14,7838743.928734364,263.770572547601,237
2025-05-05,Segunda-feira,PancakeSwap,SELL,15,2100603.601882923,242.70583761568872,86
2025-05-05,Segunda-feira,PancakeSwap,BUY,15,2100603.601882923,242.70583761568872,86
2025-05-04,Domingo,PancakeSwap,BUY,13,1522241.7784326787,71412.25636853439,67
2025-05-04,Domingo,PancakeSwap,SELL,13,1522241.7784326787,71412.25636853438,67
2025-05-06,Terça-feira,PancakeSwap,BUY,14,3569080.169798059,240.02568896702172,139
2025-05-06,Terça-feira,PancakeSwap,SELL,14,3569080.1697980594,240.02568896702172,139
2025-05-25,Domingo,Pangolin,BUY,2,53949.71825946931,66.74230978585669,169
2025-05-25,Domingo,Pangolin,SELL,2,53949.71825946931,66.74230978585669,169
2025-05-24,Sábado,Pangolin,BUY,2,53871.18473011017,67.26442745417128,140
2025-05-24,Sábado,Pangolin,SELL,2,53871.184730110166,67.26442745417128,140
2025-05-25,Domingo,Wigoswap,SELL,4,106699.46337924317,1.3286261632851286,329
2025-05-25,Domingo,Wigoswap,BUY,4,106699.46337924317,1.3286261632851286,329
2025-05-24,Sábado,Wigoswap,SELL,2,19281.18683212804,1.2918171884245166,124
2025-05-24,Sábado,Wigoswap,BUY,2,19281.18683212804,1.2918171884245166,124
2025-05-07,Quarta-feira,Uniswap v3,SELL,26,8953462.17843474,3731.510060512373,237
2025-05-07,Quarta-feira,Uniswap v3,BUY,26,8953462.17843474,3731.5100605123725,237
2025-05-05,Segunda-feira,Uniswap v3,SELL,27,8022504.085168398,7053.958174205744,304
2025-05-05,Segunda-feira,Uniswap v3,BUY,27,8022504.085168397,7053.958174205746,304
2025-05-04,Domingo,Uniswap v3,SELL,19,3543521.4837309085,5134.674908678889,121
2025-05-04,Domingo,Uniswap v3,BUY,19,3543521.483730909,5134.67490867889,121
2025-06-08,Domingo,Uniswap v3,BUY,94,21507443.276467375,14702.652214683145,2712
2025-06-08,Domingo,Uniswap v3,SELL,94,21507443.27646737,14702.652214683134,2712
2025-05-06,Terça-feira,Uniswap v3,SELL,33,9079142.78682778,6107.928264983737,259
2025-05-06,Terça-feira,Uniswap v3,BUY,33,9079142.78682778,6107.928264983738,259
2025-05-25,Domingo,Uniswap v3,SELL,8,1541584.6723339325,0.8748567310387465,21
2025-05-25,Domingo,Uniswap v3,BUY,8,1541584.6723339325,0.8748567310387465,21
2025-05-24,Sábado,Uniswap v3,BUY,32,5194763.597071012,3375.7968741950385,165
2025-05-24,Sábado,Uniswap v3,SELL,31,4685370.129777122,3484.661298599592,155
2025-05-07,Quarta-feira,Curve,BUY,2,20636.291454191014,1.0051778797803799,2
2025-05-07,Quarta-feira,Curve,SELL,2,20636.291454191014,1.0051778797803799,2
2025-05-05,Segunda-feira,Curve,SELL,2,33747.536790924074,1.0056792980025242,2
2025-05-05,Segunda-feira,Curve,BUY,2,33747.536790924074,1.0056792980025242,2
2025-05-04,Domingo,Curve,BUY,2,29396.571136403112,0.8919242250207822,2
2025-05-04,Domingo,Curve,SELL,2,29396.571136403112,0.8919242250207822,2
2025-05-06,Terça-feira,Curve,SELL,4,108168.37288947168,1.0563261187296404,4
2025-05-06,Terça-feira,Curve,BUY,4,108168.37288947168,1.0563261187296404,4
2025-05-07,Quarta-feira,QuickSwap,BUY,2,391845.1414908086,7.313475598396169,25
2025-05-07,Quarta-feira,QuickSwap,SELL,2,391845.1414908086,7.313475598396168,25
2025-05-05,Segunda-feira,QuickSwap,SELL,2,98542.32647211941,7.3727181795522165,8
2025-05-05,Segunda-feira,QuickSwap,BUY,2,98542.32647211943,7.3727181795522165,8
2025-05-04,Domingo,QuickSwap,BUY,2,211292.15720921993,7.487894114536407,13
2025-05-04,Domingo,QuickSwap,SELL,2,211292.1572092199,7.487894114536407,13
2025-06-08,Domingo,QuickSwap,BUY,19,8440778.630449105,627.5927355107965,3945
2025-06-08,Domingo,QuickSwap,SELL,19,8440778.630449105,627.5927355107964,3945
2025-05-06,Terça-feira,QuickSwap,BUY,2,374208.9178631748,7.3008525640798645,22
2025-05-06,Terça-feira,QuickSwap,SELL,2,374208.9178631748,7.3008525640798645,22
2025-05-25,Domingo,QuickSwap,SELL,1,49990.80300331115,0.06266934926228,1
2025-05-25,Domingo,QuickSwap,BUY,1,49990.80300331115,0.06266934926228,1
2025-05-24,Sábado,QuickSwap,BUY,5,1101545.3005544546,3.2449021886281892,62
2025-05-24,Sábado,QuickSwap,SELL,4,699523.2513106879,4.040533654737695,40
2025-05-05,Segunda-feira,Trader Joe,BUY,1,3.2841997294576968E16,2.4741583207522913e-22,1
2025-05-05,Segunda-feira,Trader Joe,SELL,1,3.2841997294576968E16,2.4741583207522913e-22,1
2025-06-08,Domingo,Trader Joe,BUY,27,4963784.7062139455,400319023.9553632,1457
2025-06-08,Domingo,Trader Joe,SELL,27,4963784.706213947,400319023.95536333,1457
2025-05-25,Domingo,Trader Joe,BUY,46,1127616.1648775744,22538918.91683871,3265
2025-05-25,Domingo,Trader Joe,SELL,46,1127616.164877575,22538918.916838706,3265
2025-05-24,Sábado,Trader Joe,BUY,38,3.228494136192642E16,37111474.46099353,2477
2025-05-24,Sábado,Trader Joe,SELL,38,3.228494136192642E16,37111474.46099352,2477
2025-05-07,Quarta-feira,Zerox Exchange,BUY,7,752447.6977789728,782.8954705989854,20
2025-05-07,Quarta-feira,Zerox Exchange,SELL,7,752447.6977789728,782.8954705989854,20
2025-05-05,Segunda-feira,Zerox Exchange,SELL,10,404326.2714688578,365.70564821799627,19
2025-05-05,Segunda-feira,Zerox Exchange,BUY,10,404326.2714688577,365.70564821799627,19
2025-05-04,Domingo,Zerox Exchange,BUY,9,496691.74945588596,409.99686188860375,23
2025-05-04,Domingo,Zerox Exchange,SELL,9,496691.74945588596,409.9968618886038,23
2025-05-06,Terça-feira,Zerox Exchange,BUY,7,568985.110633556,509.24080076529435,20
2025-05-06,Terça-feira,Zerox Exchange,SELL,7,568985.110633556,509.24080076529435,20
2025-05-07,Quarta-feira,Dodo,BUY,2,677876.6310637824,1.0002038856918223,14
2025-05-07,Quarta-feira,Dodo,SELL,2,677876.6310637824,1.0002038856918223,14
2025-05-05,Segunda-feira,Dodo,SELL,2,887289.75157646,1.0000536591881892,20
2025-05-05,Segunda-feira,Dodo,BUY,2,887289.75157646,1.0000536591881892,20
2025-05-04,Domingo,Dodo,BUY,2,453009.63501738507,1.0000444305787337,4
2025-05-04,Domingo,Dodo,SELL,2,453009.63501738507,1.0000444305787337,4
2025-05-06,Terça-feira,Dodo,SELL,2,371151.5662152542,1.0000079555744952,7
2025-05-06,Terça-feira,Dodo,BUY,2,371151.5662152542,1.0000079555744952,7
2025-05-07,Quarta-feira,SushiSwap,BUY,3,83492.4958318691,14032236.783140833,5
2025-05-07,Quarta-feira,SushiSwap,SELL,3,83492.49583186909,14032236.783140833,5
2025-05-05,Segunda-feira,SushiSwap,BUY,3,141374.6791920957,978.7355574494801,5
2025-05-05,Segunda-feira,SushiSwap,SELL,3,141374.6791920957,978.7355574494801,5
2025-05-06,Terça-feira,SushiSwap,SELL,6,284588.02872241585,479.27235524964885,11
2025-05-06,Terça-feira,SushiSwap,BUY,6,284588.02872241585,479.27235524964885,11
2025-06-18,Quarta-feira,SpookySwap,BUY,2,21185.78126685845,544.713615568747,4
2025-06-18,Quarta-feira,SpookySwap,SELL,2,21185.78126685845,544.713615568747,4
2025-06-02,Segunda-feira,SpookySwap,BUY,1,5055.574503816702,0.008912763725804688,8
2025-06-02,Segunda-feira,SpookySwap,SELL,1,5055.574503816702,0.008912763725804688,8
2025-06-05,Quinta-feira,SpookySwap,BUY,4,44075.15167289765,284.75368027617657,63
2025-06-05,Quinta-feira,SpookySwap,SELL,4,44075.15167289765,284.75368027617657,63
2025-06-04,Quarta-feira,SpookySwap,SELL,2,24293.895731458248,577.8537986346536,21
2025-06-04,Quarta-feira,SpookySwap,BUY,2,24293.895731458248,577.8537986346536,21
2025-06-03,Terça-feira,SpookySwap,BUY,1,6286.54453139352,0.008615802885392716,11
2025-06-03,Terça-feira,SpookySwap,SELL,1,6286.54453139352,0.008615802885392716,11
2025-06-04,Quarta-feira,SpiritSwap,BUY,1,6461.3688845804945,0.5145686201992129,7
2025-06-04,Quarta-feira,SpiritSwap,SELL,1,6461.3688845804945,0.5145686201992129,7
2025-06-19,Quinta-feira,Uniswap,SELL,174,1.3594315946621901E20,3.684086736136356E23,1690
2025-06-19,Quinta-feira,Uniswap,BUY,174,1.3594315946621891E20,3.684086736136356E23,1690
2025-06-02,Segunda-feira,Uniswap,SELL,49,2.0900206026099343E19,2.6412026657147813E26,426
2025-06-02,Segunda-feira,Uniswap,BUY,86,2.0900206026096886E19,143.7892491269342,539
2025-06-18,Quarta-feira,Balancer,BUY,2,31761.891107025614,310246.9866352273,22
2025-06-18,Quarta-feira,Balancer,SELL,2,31761.891107025614,310246.9866352273,22
2025-06-19,Quinta-feira,Balancer,SELL,3,103982.3154416214,2.764077872814088,4
2025-06-19,Quinta-feira,Balancer,BUY,3,103982.3154416214,2.764077872814088,4
2025-06-02,Segunda-feira,Balancer,SELL,10,1398573.3812242888,242.04809451754045,46
2025-06-02,Segunda-feira,Balancer,BUY,10,778771.5660428994,0.6479267890522024,30
2025-06-05,Quinta-feira,Balancer,SELL,2,110523.1139635772,1.030677887516036,4
2025-06-05,Quinta-feira,Balancer,BUY,2,110523.1139635772,1.030677887516036,4
2025-06-04,Quarta-feira,Balancer,SELL,1,11373.943693138292,0.7770751161290251,1
2025-06-04,Quarta-feira,Balancer,BUY,1,11373.943693138292,0.7770751161290251,1
2025-06-07,Sábado,Balancer,BUY,3,114472.67449292398,0.9032036008331675,4
2025-06-07,Sábado,Balancer,SELL,3,114472.67449292398,0.9032036008331673,4
2025-06-03,Terça-feira,Balancer,SELL,3,806118.8187783677,1.1028129453037188,3
2025-06-03,Terça-feira,Balancer,BUY,3,806118.8187783677,1.1028129453037188,3
2025-06-19,Quinta-feira,PancakeSwap,BUY,4,205663.30163020745,630.2820299246985,41
2025-06-19,Quinta-feira,PancakeSwap,SELL,4,205663.30163020745,630.2820299246985,41
2025-06-02,Segunda-feira,PancakeSwap,BUY,1,66663.29371192672,0.004560577721105378,5
2025-06-02,Segunda-feira,PancakeSwap,SELL,1,14583.041083540318,225.3067882129651,1
2025-06-18,Quarta-feira,Pangolin,SELL,2,49092.68291001477,71.0805037988828,14
2025-06-18,Quarta-feira,Pangolin,BUY,2,49092.68291001477,71.0805037988828,14
2025-06-05,Quinta-feira,Wigoswap,BUY,3,25560.602873068994,1.081640147273419,90
2025-06-05,Quinta-feira,Wigoswap,SELL,3,25560.60287306899,1.081640147273419,90
2025-06-07,Sábado,Wigoswap,BUY,2,15726.970538728274,1.412455823951919,72
2025-06-07,Sábado,Wigoswap,SELL,2,15726.970538728274,1.412455823951919,72
2025-06-18,Quarta-feira,Uniswap v3,BUY,94,20457431.834569283,3455.087719471843,5065
2025-06-18,Quarta-feira,Uniswap v3,SELL,94,20457431.83456929,3455.087719471844,5065
2025-06-19,Quinta-feira,Uniswap v3,BUY,8,286667.07839342294,8.638508450972251,24
2025-06-19,Quinta-feira,Uniswap v3,SELL,8,286667.07839342294,8.63850845097225,24
2025-06-02,Segunda-feira,Uniswap v3,BUY,40,18208295.81422476,2612.3021997469664,416
2025-06-02,Segunda-feira,Uniswap v3,SELL,40,18208295.814224757,2612.3021997469664,416
2025-06-05,Quinta-feira,Uniswap v3,SELL,44,12725417.79901774,2400.679363844734,384
2025-06-05,Quinta-feira,Uniswap v3,BUY,44,12725417.799017744,2400.6793638447343,384
2025-06-04,Quarta-feira,Uniswap v3,BUY,37,60398469.7387936,2844.0328145384215,682
2025-06-04,Quarta-feira,Uniswap v3,SELL,37,60398469.738793574,2844.032814538421,682
2025-06-07,Sábado,Uniswap v3,BUY,28,6462482.326906115,3765.201767843221,194
2025-06-07,Sábado,Uniswap v3,SELL,28,6462482.326906118,3765.201767843221,194
2025-06-03,Terça-feira,Uniswap v3,SELL,42,43008521.36481092,5191.59450275764,709
2025-06-03,Terça-feira,Uniswap v3,BUY,42,43008521.364810936,5191.59450275764,709
2025-06-19,Quinta-feira,Curve,BUY,1,7655.956681737748,0.9641381336271061,1
2025-06-19,Quinta-feira,Curve,SELL,1,7655.956681737748,0.9641381336271061,1
2025-06-02,Segunda-feira,Curve,SELL,1,66698.51065672541,0.9413032012543917,2
2025-06-02,Segunda-feira,Curve,BUY,1,18382.954258762198,1.000367576953466,1
2025-06-07,Sábado,BombSwap,BUY,1,5683.667734161787,0.04323977529023778,2
2025-06-07,Sábado,BombSwap,SELL,1,5683.667734161787,0.04323977529023778,2
2025-06-18,Quarta-feira,QuickSwap,SELL,24,8899217.05712559,649.9476776893331,4368
2025-06-18,Quarta-feira,QuickSwap,BUY,24,8899217.05712559,649.9476776893331,4368
2025-06-19,Quinta-feira,QuickSwap,BUY,2,51669.91816150877,9.59209578058356,30
2025-06-19,Quinta-feira,QuickSwap,SELL,2,51669.91816150877,9.59209578058356,30
2025-06-02,Segunda-feira,QuickSwap,BUY,2,393852.7745884307,7.874620695149,27
2025-06-02,Segunda-feira,QuickSwap,SELL,2,393852.77458843077,7.874620695148999,27
2025-06-05,Quinta-feira,QuickSwap,SELL,5,1063814.838004796,8.08078388065697,59
2025-06-05,Quinta-feira,QuickSwap,BUY,5,1063814.838004796,8.08078388065697,59
2025-06-04,Quarta-feira,QuickSwap,SELL,5,1377563.9249242907,3.718821230517996,80
2025-06-04,Quarta-feira,QuickSwap,BUY,5,1377563.9249242907,3.718821230517996,80
2025-06-07,Sábado,QuickSwap,BUY,6,1923912.4469409832,6.154003113613659,70
2025-06-07,Sábado,QuickSwap,SELL,6,1923912.4469409832,6.154003113613658,70
2025-06-03,Terça-feira,QuickSwap,BUY,2,699985.625250761,7.890779379170039,46
2025-06-03,Terça-feira,QuickSwap,SELL,2,699985.6252507613,7.890779379170039,46
2025-06-18,Quarta-feira,Trader Joe,BUY,32,9.295506663112622E15,1114809.8493609054,1587
2025-06-18,Quarta-feira,Trader Joe,SELL,32,9.295506663112622E15,1114809.8493609056,1587
2025-06-19,Quinta-feira,Trader Joe,BUY,1,14392.348251249676,8.731982810346429,1
2025-06-19,Quinta-feira,Trader Joe,SELL,1,14392.348251249676,8.731982810346429,1
2025-06-02,Segunda-feira,Trader Joe,SELL,4,2.17071395146511456E17,6.316567195470334E23,4
2025-06-02,Segunda-feira,Trader Joe,BUY,4,2.17071395146511424E17,6.316567195470334E23,4
2025-06-05,Quinta-feira,Trader Joe,SELL,6,202348.75139085393,6675.901931361888,14
2025-06-05,Quinta-feira,Trader Joe,BUY,6,202348.75139085393,6675.901931361889,14
2025-06-04,Quarta-feira,Trader Joe,BUY,17,1.93258154635936461E18,5.229188045575234E22,39
2025-06-04,Quarta-feira,Trader Joe,SELL,17,1.93258154635936461E18,5.229188045575234E22,39
2025-06-07,Sábado,Trader Joe,BUY,12,3.941391124695408E17,9.400895895962881E22,23
2025-06-07,Sábado,Trader Joe,SELL,12,3.9413911246954086E17,9.400895895962881E22,23
2025-06-03,Terça-feira,Trader Joe,SELL,20,2.01878909213207578E18,5.619840587525536E22,34
2025-06-03,Terça-feira,Trader Joe,BUY,20,2.01878909213207603E18,5.619840587525536E22,34
2025-06-19,Quinta-feira,Zerox Exchange,SELL,4,121074.1090200538,630.8651146725002,8
2025-06-19,Quinta-feira,Zerox Exchange,BUY,4,121074.1090200538,630.8651146725001,8
2025-06-02,Segunda-feira,Zerox Exchange,SELL,3,647931.6928543508,849.1614083689047,16
2025-06-02,Segunda-feira,Zerox Exchange,BUY,2,163081.26272478158,126.75841536150503,3
2025-06-19,Quinta-feira,SushiSwap,SELL,2,31684.856028785875,20.67093875821745,9
2025-06-19,Quinta-feira,SushiSwap,BUY,2,31684.856028785875,20.67093875821745,9
2025-06-02,Segunda-feira,SushiSwap,BUY,1,10785.195804737563,0.0003923791205591972,1
2025-05-14,Quarta-feira,SpookySwap,BUY,2,30373.516130945514,607.4333052694892,5
2025-05-14,Quarta-feira,SpookySwap,SELL,2,30373.516130945514,607.4333052694892,5
2025-05-14,Quarta-feira,SpiritSwap,BUY,1,10279.149966392188,2.2100088151975967,2
2025-05-14,Quarta-feira,SpiritSwap,SELL,1,10279.149966392188,2.2100088151975967,2
2025-05-23,Sexta-feira,Balancer,BUY,6,1583519.09233728,1.003723655599384,10
2025-05-23,Sexta-feira,Balancer,SELL,6,1583519.09233728,1.003723655599384,10
2025-05-12,Segunda-feira,Balancer,BUY,5,108341.43817133832,1.0005783403789001,9
2025-05-12,Segunda-feira,Balancer,SELL,5,108341.43817133835,1.0005783403789001,9
2025-05-14,Quarta-feira,Balancer,SELL,3,117675.747568542,1.1237639339354661,6
2025-05-14,Quarta-feira,Balancer,BUY,3,117675.74756854202,1.123763933935466,6
2025-05-23,Sexta-feira,Pangolin,BUY,1,6360.296513697042,136.5604029690584,1
2025-05-23,Sexta-feira,Pangolin,SELL,1,6360.296513697042,136.5604029690584,1
2025-05-14,Quarta-feira,Pangolin,BUY,2,48651.49332317763,0.007327936091196,4
2025-05-14,Quarta-feira,Pangolin,SELL,2,48651.49332317763,0.007327936091196,4
2025-05-12,Segunda-feira,Wigoswap,BUY,1,5116.231277258049,0.5486151923037318,1
2025-05-12,Segunda-feira,Wigoswap,SELL,1,5116.231277258049,0.5486151923037318,1
2025-05-23,Sexta-feira,Uniswap v3,BUY,122,28820880.464177188,308862.22331407573,1580
2025-05-23,Sexta-feira,Uniswap v3,SELL,121,28034738.68099109,311414.1789473131,1567
2025-05-12,Segunda-feira,Uniswap v3,BUY,83,21819759.01080863,2569.8494044640534,1043
2025-05-12,Segunda-feira,Uniswap v3,SELL,86,22267331.730609715,2509.389970136642,1062
2025-05-14,Quarta-feira,Uniswap v3,BUY,73,15873088.132317174,3027.291206584538,831
2025-05-14,Quarta-feira,Uniswap v3,SELL,73,15873088.132317174,3027.2912065845376,831
2025-05-23,Sexta-feira,QuickSwap,SELL,13,4032517.012061961,199.46781118962812,330
2025-05-23,Sexta-feira,QuickSwap,BUY,13,4138444.331643981,199.47043207893077,340
2025-05-12,Segunda-feira,QuickSwap,BUY,11,2047606.053244376,4.5660829541198,194
2025-05-12,Segunda-feira,QuickSwap,SELL,10,1698283.9496375169,5.016208173477952,174
2025-05-14,Quarta-feira,QuickSwap,SELL,12,2655740.436084305,9.031973121317176,259
2025-05-14,Quarta-feira,QuickSwap,BUY,12,2655740.436084305,9.031973121317174,259
2025-05-23,Sexta-feira,Trader Joe,BUY,6,146965.28861514386,4499180.720714428,22
2025-05-23,Sexta-feira,Trader Joe,SELL,6,146965.28861514383,4499180.720714428,22
2025-05-12,Segunda-feira,Trader Joe,SELL,13,1.41073058922290112E17,4175366.9022223894,53
2025-05-12,Segunda-feira,Trader Joe,BUY,13,1.41073058922290112E17,4175366.9022223884,53
2025-05-14,Quarta-feira,Trader Joe,BUY,6,341699.09485388064,654.7576296487854,36
2025-05-14,Quarta-feira,Trader Joe,SELL,6,341699.0948538806,654.7576296487854,36
2025-05-12,Segunda-feira,SushiSwap,BUY,1,10996.051418233896,4.161614407062731,1
2025-05-12,Segunda-feira,SushiSwap,SELL,1,10996.051418233896,4.161614407062731,1
