fk_rede,rede,data,nome_dia,volume_total_usd,total_trades
50b9984bd9eb2b8837f97266b81ae2f8922a0272c40818dfabffdb6b66066a17,matic,2025-06-12,Quinta-feira,239527516.9131124,236712
50b9984bd9eb2b8837f97266b81ae2f8922a0272c40818dfabffdb6b66066a17,matic,2025-05-29,Quinta-feira,124887363.99870372,182762
50b9984bd9eb2b8837f97266b81ae2f8922a0272c40818dfabffdb6b66066a17,matic,2025-05-31,Sábado,133281726.11625776,158584
50b9984bd9eb2b8837f97266b81ae2f8922a0272c40818dfabffdb6b66066a17,matic,2025-06-06,Sexta-feira,31153602.38944046,892
50b9984bd9eb2b8837f97266b81ae2f8922a0272c40818dfabffdb6b66066a17,matic,2025-06-10,Terça-feira,84429119.66936524,24518
684603a7e7eae5bac769334a169067ece3d969d108b5a2b3bfa78b0bb3461ef6,fantom,2025-06-12,Quinta-feira,66698.01998512475,106
684603a7e7eae5bac769334a169067ece3d969d108b5a2b3bfa78b0bb3461ef6,fantom,2025-05-29,Quinta-feira,288683.0632643621,634
684603a7e7eae5bac769334a169067ece3d969d108b5a2b3bfa78b0bb3461ef6,fantom,2025-05-31,Sábado,208438.04590946814,288
684603a7e7eae5bac769334a169067ece3d969d108b5a2b3bfa78b0bb3461ef6,fantom,2025-06-06,Sexta-feira,121690.04162582052,104
684603a7e7eae5bac769334a169067ece3d969d108b5a2b3bfa78b0bb3461ef6,fantom,2025-06-10,Terça-feira,322549.97452085314,206
b60d7bdd334cd3768d43f14a05c7fe7e886ba5bcb77e1064530052fed1a3f145,ethereum,2025-06-12,Quinta-feira,8.624664546171502E20,269881
b60d7bdd334cd3768d43f14a05c7fe7e886ba5bcb77e1064530052fed1a3f145,ethereum,2025-05-29,Quinta-feira,5750324693.740098,276280
b60d7bdd334cd3768d43f14a05c7fe7e886ba5bcb77e1064530052fed1a3f145,ethereum,2025-05-31,Sábado,3.206812046398674E20,242555
b60d7bdd334cd3768d43f14a05c7fe7e886ba5bcb77e1064530052fed1a3f145,ethereum,2025-06-06,Sexta-feira,2.462614613582849E20,225804
b60d7bdd334cd3768d43f14a05c7fe7e886ba5bcb77e1064530052fed1a3f145,ethereum,2025-06-10,Terça-feira,1.3293905998324657E20,222206
45e5fa95a2f3c91cbdb5b6a50ede8cf68885c12fb67dbc5c715e3a748b7eb5e5,klaytn,2025-06-12,Quinta-feira,14420602.49070258,22329
45e5fa95a2f3c91cbdb5b6a50ede8cf68885c12fb67dbc5c715e3a748b7eb5e5,klaytn,2025-05-29,Quinta-feira,319486.43826627574,1146
45e5fa95a2f3c91cbdb5b6a50ede8cf68885c12fb67dbc5c715e3a748b7eb5e5,klaytn,2025-05-31,Sábado,545594.5977622131,1750
45e5fa95a2f3c91cbdb5b6a50ede8cf68885c12fb67dbc5c715e3a748b7eb5e5,klaytn,2025-06-06,Sexta-feira,757984.4679606445,2576
45e5fa95a2f3c91cbdb5b6a50ede8cf68885c12fb67dbc5c715e3a748b7eb5e5,klaytn,2025-06-10,Terça-feira,10867712.717564894,16400
bb93cff8851d49accdf69b665b0339e1cf15f56c036ebbea5c9d424f798e247d,avalanche,2025-06-12,Quinta-feira,1.3967574149769687E18,42328
bb93cff8851d49accdf69b665b0339e1cf15f56c036ebbea5c9d424f798e247d,avalanche,2025-05-29,Quinta-feira,1.05607668188319181E18,1066
bb93cff8851d49accdf69b665b0339e1cf15f56c036ebbea5c9d424f798e247d,avalanche,2025-05-31,Sábado,4.1501209661777299E17,21472
bb93cff8851d49accdf69b665b0339e1cf15f56c036ebbea5c9d424f798e247d,avalanche,2025-06-06,Sexta-feira,1.11010136168144272E17,1408
bb93cff8851d49accdf69b665b0339e1cf15f56c036ebbea5c9d424f798e247d,avalanche,2025-06-10,Terça-feira,6.472320326937161E17,40742
50b9984bd9eb2b8837f97266b81ae2f8922a0272c40818dfabffdb6b66066a17,matic,2025-06-09,Segunda-feira,123379555.90759155,20567
50b9984bd9eb2b8837f97266b81ae2f8922a0272c40818dfabffdb6b66066a17,matic,2025-06-15,Domingo,144806089.76134664,161832
50b9984bd9eb2b8837f97266b81ae2f8922a0272c40818dfabffdb6b66066a17,matic,2025-06-13,Sexta-feira,278269250.682081,289126
50b9984bd9eb2b8837f97266b81ae2f8922a0272c40818dfabffdb6b66066a17,matic,2025-05-30,Sexta-feira,187257105.97135067,221054
50b9984bd9eb2b8837f97266b81ae2f8922a0272c40818dfabffdb6b66066a17,matic,2025-05-09,Sexta-feira,54078826.67092424,3002
50b9984bd9eb2b8837f97266b81ae2f8922a0272c40818dfabffdb6b66066a17,matic,2025-05-10,Sábado,35269159.386948645,2687
684603a7e7eae5bac769334a169067ece3d969d108b5a2b3bfa78b0bb3461ef6,fantom,2025-06-09,Segunda-feira,168226.41303473726,136
684603a7e7eae5bac769334a169067ece3d969d108b5a2b3bfa78b0bb3461ef6,fantom,2025-06-15,Domingo,187318.95445476257,132
684603a7e7eae5bac769334a169067ece3d969d108b5a2b3bfa78b0bb3461ef6,fantom,2025-06-13,Sexta-feira,25486.727860311796,52
684603a7e7eae5bac769334a169067ece3d969d108b5a2b3bfa78b0bb3461ef6,fantom,2025-05-30,Sexta-feira,609991.0318913298,1032
684603a7e7eae5bac769334a169067ece3d969d108b5a2b3bfa78b0bb3461ef6,fantom,2025-05-09,Sexta-feira,49893.214525349154,4
b60d7bdd334cd3768d43f14a05c7fe7e886ba5bcb77e1064530052fed1a3f145,ethereum,2025-06-09,Segunda-feira,2.1341606110811305E20,158689
b60d7bdd334cd3768d43f14a05c7fe7e886ba5bcb77e1064530052fed1a3f145,ethereum,2025-06-15,Domingo,1.3103837587043495E22,133455
b60d7bdd334cd3768d43f14a05c7fe7e886ba5bcb77e1064530052fed1a3f145,ethereum,2025-06-13,Sexta-feira,2.212302129681608E20,45828
b60d7bdd334cd3768d43f14a05c7fe7e886ba5bcb77e1064530052fed1a3f145,ethereum,2025-05-30,Sexta-feira,3.0959485452371506E20,39782
b60d7bdd334cd3768d43f14a05c7fe7e886ba5bcb77e1064530052fed1a3f145,ethereum,2025-05-09,Sexta-feira,3.501874784147906E20,128142
b60d7bdd334cd3768d43f14a05c7fe7e886ba5bcb77e1064530052fed1a3f145,ethereum,2025-05-10,Sábado,2.9374590366169498E20,100870
45e5fa95a2f3c91cbdb5b6a50ede8cf68885c12fb67dbc5c715e3a748b7eb5e5,klaytn,2025-06-09,Segunda-feira,16032161.900917795,27172
45e5fa95a2f3c91cbdb5b6a50ede8cf68885c12fb67dbc5c715e3a748b7eb5e5,klaytn,2025-06-15,Domingo,3072070.954322438,8234
45e5fa95a2f3c91cbdb5b6a50ede8cf68885c12fb67dbc5c715e3a748b7eb5e5,klaytn,2025-06-13,Sexta-feira,11937644.803339276,16986
45e5fa95a2f3c91cbdb5b6a50ede8cf68885c12fb67dbc5c715e3a748b7eb5e5,klaytn,2025-05-30,Sexta-feira,1161079.6825992693,3356
bb93cff8851d49accdf69b665b0339e1cf15f56c036ebbea5c9d424f798e247d,avalanche,2025-06-09,Segunda-feira,9.3296240105126515E17,37339
bb93cff8851d49accdf69b665b0339e1cf15f56c036ebbea5c9d424f798e247d,avalanche,2025-06-15,Domingo,1.58727021541274336E17,19136
bb93cff8851d49accdf69b665b0339e1cf15f56c036ebbea5c9d424f798e247d,avalanche,2025-06-13,Sexta-feira,1.4653373117099728E17,36588
bb93cff8851d49accdf69b665b0339e1cf15f56c036ebbea5c9d424f798e247d,avalanche,2025-05-30,Sexta-feira,2.5312708135863232E17,29610
bb93cff8851d49accdf69b665b0339e1cf15f56c036ebbea5c9d424f798e247d,avalanche,2025-05-09,Sexta-feira,2.3529435374276388E18,8504
bb93cff8851d49accdf69b665b0339e1cf15f56c036ebbea5c9d424f798e247d,avalanche,2025-05-10,Sábado,3.3445033041759903E18,9053
50b9984bd9eb2b8837f97266b81ae2f8922a0272c40818dfabffdb6b66066a17,matic,2025-06-11,Quarta-feira,90647763.22598638,24904
50b9984bd9eb2b8837f97266b81ae2f8922a0272c40818dfabffdb6b66066a17,matic,2025-05-15,Quinta-feira,44676849.53634507,3007
50b9984bd9eb2b8837f97266b81ae2f8922a0272c40818dfabffdb6b66066a17,matic,2025-05-16,Sexta-feira,41794789.94735881,2304
50b9984bd9eb2b8837f97266b81ae2f8922a0272c40818dfabffdb6b66066a17,matic,2025-05-11,Domingo,28692011.99781558,2137
50b9984bd9eb2b8837f97266b81ae2f8922a0272c40818dfabffdb6b66066a17,matic,2025-06-14,Sábado,159453321.10421148,172314
50b9984bd9eb2b8837f97266b81ae2f8922a0272c40818dfabffdb6b66066a17,matic,2025-05-28,Quarta-feira,22530222.685412724,696
684603a7e7eae5bac769334a169067ece3d969d108b5a2b3bfa78b0bb3461ef6,fantom,2025-06-11,Quarta-feira,2498223.5530291987,1086
684603a7e7eae5bac769334a169067ece3d969d108b5a2b3bfa78b0bb3461ef6,fantom,2025-05-15,Quinta-feira,594881.2530808391,42
684603a7e7eae5bac769334a169067ece3d969d108b5a2b3bfa78b0bb3461ef6,fantom,2025-05-11,Domingo,29348.523748635755,4
684603a7e7eae5bac769334a169067ece3d969d108b5a2b3bfa78b0bb3461ef6,fantom,2025-06-14,Sábado,28387.48841161114,82
684603a7e7eae5bac769334a169067ece3d969d108b5a2b3bfa78b0bb3461ef6,fantom,2025-05-28,Quarta-feira,324030.57041135535,346
b60d7bdd334cd3768d43f14a05c7fe7e886ba5bcb77e1064530052fed1a3f145,ethereum,2025-06-11,Quarta-feira,1.9607655618342496E20,39412
b60d7bdd334cd3768d43f14a05c7fe7e886ba5bcb77e1064530052fed1a3f145,ethereum,2025-05-15,Quinta-feira,4.278045449839934E20,107048
b60d7bdd334cd3768d43f14a05c7fe7e886ba5bcb77e1064530052fed1a3f145,ethereum,2025-05-16,Sexta-feira,2.8629550663511726E20,87328
b60d7bdd334cd3768d43f14a05c7fe7e886ba5bcb77e1064530052fed1a3f145,ethereum,2025-05-11,Domingo,4.324110256794122E19,82296
b60d7bdd334cd3768d43f14a05c7fe7e886ba5bcb77e1064530052fed1a3f145,ethereum,2025-06-14,Sábado,1.3285034974800849E22,15926
b60d7bdd334cd3768d43f14a05c7fe7e886ba5bcb77e1064530052fed1a3f145,ethereum,2025-05-28,Quarta-feira,2.077233230936969E19,28834
45e5fa95a2f3c91cbdb5b6a50ede8cf68885c12fb67dbc5c715e3a748b7eb5e5,klaytn,2025-06-11,Quarta-feira,22085012.187803358,32596
45e5fa95a2f3c91cbdb5b6a50ede8cf68885c12fb67dbc5c715e3a748b7eb5e5,klaytn,2025-05-15,Quinta-feira,60936.13399292312,10
45e5fa95a2f3c91cbdb5b6a50ede8cf68885c12fb67dbc5c715e3a748b7eb5e5,klaytn,2025-05-16,Sexta-feira,37057.586969567026,6
45e5fa95a2f3c91cbdb5b6a50ede8cf68885c12fb67dbc5c715e3a748b7eb5e5,klaytn,2025-05-11,Domingo,11293.586924315241,2
45e5fa95a2f3c91cbdb5b6a50ede8cf68885c12fb67dbc5c715e3a748b7eb5e5,klaytn,2025-06-14,Sábado,3634031.316699927,7272
45e5fa95a2f3c91cbdb5b6a50ede8cf68885c12fb67dbc5c715e3a748b7eb5e5,klaytn,2025-05-28,Quarta-feira,320394.4295266697,992
bb93cff8851d49accdf69b665b0339e1cf15f56c036ebbea5c9d424f798e247d,avalanche,2025-06-11,Quarta-feira,2.05883300032801728E17,39128
bb93cff8851d49accdf69b665b0339e1cf15f56c036ebbea5c9d424f798e247d,avalanche,2025-05-15,Quinta-feira,8.860793368956592E16,4590
bb93cff8851d49accdf69b665b0339e1cf15f56c036ebbea5c9d424f798e247d,avalanche,2025-05-16,Sexta-feira,1.68043740328924832E17,3148
bb93cff8851d49accdf69b665b0339e1cf15f56c036ebbea5c9d424f798e247d,avalanche,2025-05-11,Domingo,1.56135986554349235E18,6824
bb93cff8851d49accdf69b665b0339e1cf15f56c036ebbea5c9d424f798e247d,avalanche,2025-06-14,Sábado,4.1493036162512376E16,21084
bb93cff8851d49accdf69b665b0339e1cf15f56c036ebbea5c9d424f798e247d,avalanche,2025-05-28,Quarta-feira,2.45649344042216288E17,98098
50b9984bd9eb2b8837f97266b81ae2f8922a0272c40818dfabffdb6b66066a17,matic,2025-05-13,Terça-feira,43741615.33565112,2769
50b9984bd9eb2b8837f97266b81ae2f8922a0272c40818dfabffdb6b66066a17,matic,2025-05-22,Quinta-feira,45112590.03171834,2638
50b9984bd9eb2b8837f97266b81ae2f8922a0272c40818dfabffdb6b66066a17,matic,2025-05-27,Terça-feira,31881736.968852166,826
50b9984bd9eb2b8837f97266b81ae2f8922a0272c40818dfabffdb6b66066a17,matic,2025-05-26,Segunda-feira,20159077.64996911,562
50b9984bd9eb2b8837f97266b81ae2f8922a0272c40818dfabffdb6b66066a17,matic,2025-06-16,Segunda-feira,305488404.9882117,237540
50b9984bd9eb2b8837f97266b81ae2f8922a0272c40818dfabffdb6b66066a17,matic,2025-06-17,Terça-feira,215952913.97392374,218328
684603a7e7eae5bac769334a169067ece3d969d108b5a2b3bfa78b0bb3461ef6,fantom,2025-05-13,Terça-feira,27873.8383418362,4
684603a7e7eae5bac769334a169067ece3d969d108b5a2b3bfa78b0bb3461ef6,fantom,2025-05-22,Quinta-feira,26963.53675417669,4
684603a7e7eae5bac769334a169067ece3d969d108b5a2b3bfa78b0bb3461ef6,fantom,2025-05-27,Terça-feira,341928.2304566448,670
684603a7e7eae5bac769334a169067ece3d969d108b5a2b3bfa78b0bb3461ef6,fantom,2025-05-26,Segunda-feira,229345.95407121835,764
684603a7e7eae5bac769334a169067ece3d969d108b5a2b3bfa78b0bb3461ef6,fantom,2025-06-16,Segunda-feira,93250.71281358003,114
684603a7e7eae5bac769334a169067ece3d969d108b5a2b3bfa78b0bb3461ef6,fantom,2025-06-17,Terça-feira,46809.516437687606,128
b60d7bdd334cd3768d43f14a05c7fe7e886ba5bcb77e1064530052fed1a3f145,ethereum,2025-05-13,Terça-feira,2.5918254751030503E20,73918
b60d7bdd334cd3768d43f14a05c7fe7e886ba5bcb77e1064530052fed1a3f145,ethereum,2025-05-22,Quinta-feira,5.0804667427712316E20,69138
b60d7bdd334cd3768d43f14a05c7fe7e886ba5bcb77e1064530052fed1a3f145,ethereum,2025-05-27,Terça-feira,2277825328.722482,31762
b60d7bdd334cd3768d43f14a05c7fe7e886ba5bcb77e1064530052fed1a3f145,ethereum,2025-05-26,Segunda-feira,1.488511540141547E20,22378
b60d7bdd334cd3768d43f14a05c7fe7e886ba5bcb77e1064530052fed1a3f145,ethereum,2025-06-16,Segunda-feira,1.3563471771075407E22,416
45e5fa95a2f3c91cbdb5b6a50ede8cf68885c12fb67dbc5c715e3a748b7eb5e5,klaytn,2025-05-13,Terça-feira,19664.661711427245,2
45e5fa95a2f3c91cbdb5b6a50ede8cf68885c12fb67dbc5c715e3a748b7eb5e5,klaytn,2025-05-27,Terça-feira,340681.393289092,1022
45e5fa95a2f3c91cbdb5b6a50ede8cf68885c12fb67dbc5c715e3a748b7eb5e5,klaytn,2025-05-26,Segunda-feira,4128714.409674787,17220
45e5fa95a2f3c91cbdb5b6a50ede8cf68885c12fb67dbc5c715e3a748b7eb5e5,klaytn,2025-06-16,Segunda-feira,6119835.932756021,10566
45e5fa95a2f3c91cbdb5b6a50ede8cf68885c12fb67dbc5c715e3a748b7eb5e5,klaytn,2025-06-17,Terça-feira,3605972.700427898,7964
bb93cff8851d49accdf69b665b0339e1cf15f56c036ebbea5c9d424f798e247d,avalanche,2025-05-13,Terça-feira,1.63845537852850976E17,5278
bb93cff8851d49accdf69b665b0339e1cf15f56c036ebbea5c9d424f798e247d,avalanche,2025-05-22,Quinta-feira,2.53364358483216608E17,5114
bb93cff8851d49accdf69b665b0339e1cf15f56c036ebbea5c9d424f798e247d,avalanche,2025-05-27,Terça-feira,2.24936644708119552E17,80092
bb93cff8851d49accdf69b665b0339e1cf15f56c036ebbea5c9d424f798e247d,avalanche,2025-05-26,Segunda-feira,7.6588397714529088E17,64412
bb93cff8851d49accdf69b665b0339e1cf15f56c036ebbea5c9d424f798e247d,avalanche,2025-06-16,Segunda-feira,565320534262.7439,35770
bb93cff8851d49accdf69b665b0339e1cf15f56c036ebbea5c9d424f798e247d,avalanche,2025-06-17,Terça-feira,1.58932564097066304E17,31056
50b9984bd9eb2b8837f97266b81ae2f8922a0272c40818dfabffdb6b66066a17,matic,2025-06-01,Domingo,87968067.31772488,12856
50b9984bd9eb2b8837f97266b81ae2f8922a0272c40818dfabffdb6b66066a17,matic,2025-05-20,Terça-feira,167460092.1849807,8884
50b9984bd9eb2b8837f97266b81ae2f8922a0272c40818dfabffdb6b66066a17,matic,2025-05-19,Segunda-feira,204196926.25902045,5700
50b9984bd9eb2b8837f97266b81ae2f8922a0272c40818dfabffdb6b66066a17,matic,2025-05-21,Quarta-feira,85808104.88129033,4283
50b9984bd9eb2b8837f97266b81ae2f8922a0272c40818dfabffdb6b66066a17,matic,2025-05-18,Domingo,70386642.16197206,3402
50b9984bd9eb2b8837f97266b81ae2f8922a0272c40818dfabffdb6b66066a17,matic,2025-05-17,Sábado,36502370.227498256,2076
50b9984bd9eb2b8837f97266b81ae2f8922a0272c40818dfabffdb6b66066a17,matic,2025-05-08,Quinta-feira,24467686.662488583,728
684603a7e7eae5bac769334a169067ece3d969d108b5a2b3bfa78b0bb3461ef6,fantom,2025-06-01,Domingo,145583.88966071312,314
684603a7e7eae5bac769334a169067ece3d969d108b5a2b3bfa78b0bb3461ef6,fantom,2025-05-20,Terça-feira,28680.571013854373,4
684603a7e7eae5bac769334a169067ece3d969d108b5a2b3bfa78b0bb3461ef6,fantom,2025-05-21,Quarta-feira,67460.06987694697,6
684603a7e7eae5bac769334a169067ece3d969d108b5a2b3bfa78b0bb3461ef6,fantom,2025-05-17,Sábado,25070.239643536635,4
684603a7e7eae5bac769334a169067ece3d969d108b5a2b3bfa78b0bb3461ef6,fantom,2025-05-08,Quinta-feira,42847.48473613767,2
b60d7bdd334cd3768d43f14a05c7fe7e886ba5bcb77e1064530052fed1a3f145,ethereum,2025-06-01,Domingo,2.496674792324167E19,17914
b60d7bdd334cd3768d43f14a05c7fe7e886ba5bcb77e1064530052fed1a3f145,ethereum,2025-05-20,Terça-feira,2.394652690563606E20,32000
b60d7bdd334cd3768d43f14a05c7fe7e886ba5bcb77e1064530052fed1a3f145,ethereum,2025-05-19,Segunda-feira,7.192396465704076E19,38020
b60d7bdd334cd3768d43f14a05c7fe7e886ba5bcb77e1064530052fed1a3f145,ethereum,2025-05-21,Quarta-feira,2.965589404807446E20,39256
b60d7bdd334cd3768d43f14a05c7fe7e886ba5bcb77e1064530052fed1a3f145,ethereum,2025-05-18,Domingo,2.7098770061337985E20,29132
b60d7bdd334cd3768d43f14a05c7fe7e886ba5bcb77e1064530052fed1a3f145,ethereum,2025-05-17,Sábado,2.9069225070987156E20,21962
b60d7bdd334cd3768d43f14a05c7fe7e886ba5bcb77e1064530052fed1a3f145,ethereum,2025-05-08,Quinta-feira,1.964720519726772E20,41468
45e5fa95a2f3c91cbdb5b6a50ede8cf68885c12fb67dbc5c715e3a748b7eb5e5,klaytn,2025-06-01,Domingo,505665.6505688792,1042
bb93cff8851d49accdf69b665b0339e1cf15f56c036ebbea5c9d424f798e247d,avalanche,2025-06-01,Domingo,1.74524586006727968E17,11728
bb93cff8851d49accdf69b665b0339e1cf15f56c036ebbea5c9d424f798e247d,avalanche,2025-05-20,Terça-feira,6.2536176689004531E17,2022
bb93cff8851d49accdf69b665b0339e1cf15f56c036ebbea5c9d424f798e247d,avalanche,2025-05-19,Segunda-feira,20269699.121514935,1212
bb93cff8851d49accdf69b665b0339e1cf15f56c036ebbea5c9d424f798e247d,avalanche,2025-05-21,Quarta-feira,5.734673955372343E17,2555
bb93cff8851d49accdf69b665b0339e1cf15f56c036ebbea5c9d424f798e247d,avalanche,2025-05-18,Domingo,32940238.924903315,2291
bb93cff8851d49accdf69b665b0339e1cf15f56c036ebbea5c9d424f798e247d,avalanche,2025-05-17,Sábado,9.821667804637616E16,1601
bb93cff8851d49accdf69b665b0339e1cf15f56c036ebbea5c9d424f798e247d,avalanche,2025-05-08,Quinta-feira,1.3631145527271792E17,958
50b9984bd9eb2b8837f97266b81ae2f8922a0272c40818dfabffdb6b66066a17,matic,2025-05-07,Quarta-feira,18690614.6398511,524
50b9984bd9eb2b8837f97266b81ae2f8922a0272c40818dfabffdb6b66066a17,matic,2025-05-05,Segunda-feira,16368545.711023297,632
50b9984bd9eb2b8837f97266b81ae2f8922a0272c40818dfabffdb6b66066a17,matic,2025-05-04,Domingo,7576522.449734194,270
50b9984bd9eb2b8837f97266b81ae2f8922a0272c40818dfabffdb6b66066a17,matic,2025-06-08,Domingo,60009627.64997911,13338
50b9984bd9eb2b8837f97266b81ae2f8922a0272c40818dfabffdb6b66066a17,matic,2025-05-06,Terça-feira,21895426.70335148,580
50b9984bd9eb2b8837f97266b81ae2f8922a0272c40818dfabffdb6b66066a17,matic,2025-05-25,Domingo,3183150.950674487,44
50b9984bd9eb2b8837f97266b81ae2f8922a0272c40818dfabffdb6b66066a17,matic,2025-05-24,Sábado,11701203.826049855,424
684603a7e7eae5bac769334a169067ece3d969d108b5a2b3bfa78b0bb3461ef6,fantom,2025-06-08,Domingo,43902.72831698392,46
684603a7e7eae5bac769334a169067ece3d969d108b5a2b3bfa78b0bb3461ef6,fantom,2025-05-25,Domingo,462276.2201193822,968
684603a7e7eae5bac769334a169067ece3d969d108b5a2b3bfa78b0bb3461ef6,fantom,2025-05-24,Sábado,38562.37366425608,248
b60d7bdd334cd3768d43f14a05c7fe7e886ba5bcb77e1064530052fed1a3f145,ethereum,2025-05-07,Quarta-feira,4.682902866170941E19,21928
b60d7bdd334cd3768d43f14a05c7fe7e886ba5bcb77e1064530052fed1a3f145,ethereum,2025-05-05,Segunda-feira,1.846921604727789E19,20806
b60d7bdd334cd3768d43f14a05c7fe7e886ba5bcb77e1064530052fed1a3f145,ethereum,2025-05-04,Domingo,3.6208566350419018E19,14386
b60d7bdd334cd3768d43f14a05c7fe7e886ba5bcb77e1064530052fed1a3f145,ethereum,2025-05-06,Terça-feira,1.1631359144110373E19,21932
45e5fa95a2f3c91cbdb5b6a50ede8cf68885c12fb67dbc5c715e3a748b7eb5e5,klaytn,2025-06-08,Domingo,375914.5356687551,910
45e5fa95a2f3c91cbdb5b6a50ede8cf68885c12fb67dbc5c715e3a748b7eb5e5,klaytn,2025-05-25,Domingo,28413421.76912175,112426
45e5fa95a2f3c91cbdb5b6a50ede8cf68885c12fb67dbc5c715e3a748b7eb5e5,klaytn,2025-05-24,Sábado,29053278.4713443,129946
bb93cff8851d49accdf69b665b0339e1cf15f56c036ebbea5c9d424f798e247d,avalanche,2025-05-07,Quarta-feira,27477153.988969002,1022
bb93cff8851d49accdf69b665b0339e1cf15f56c036ebbea5c9d424f798e247d,avalanche,2025-05-05,Segunda-feira,6.568399462734496E16,1144
bb93cff8851d49accdf69b665b0339e1cf15f56c036ebbea5c9d424f798e247d,avalanche,2025-05-04,Domingo,8889856.165638482,434
bb93cff8851d49accdf69b665b0339e1cf15f56c036ebbea5c9d424f798e247d,avalanche,2025-06-08,Domingo,103450152.50090235,30276
bb93cff8851d49accdf69b665b0339e1cf15f56c036ebbea5c9d424f798e247d,avalanche,2025-05-06,Terça-feira,4594632555.731364,1366
bb93cff8851d49accdf69b665b0339e1cf15f56c036ebbea5c9d424f798e247d,avalanche,2025-05-25,Domingo,66050775.69557139,52896
bb93cff8851d49accdf69b665b0339e1cf15f56c036ebbea5c9d424f798e247d,avalanche,2025-05-24,Sábado,6.4569882797100944E16,54890
50b9984bd9eb2b8837f97266b81ae2f8922a0272c40818dfabffdb6b66066a17,matic,2025-06-18,Quarta-feira,59069054.135450006,19000
50b9984bd9eb2b8837f97266b81ae2f8922a0272c40818dfabffdb6b66066a17,matic,2025-06-19,Quinta-feira,676673.9931098631,108
50b9984bd9eb2b8837f97266b81ae2f8922a0272c40818dfabffdb6b66066a17,matic,2025-06-02,Segunda-feira,37430918.97724804,894
50b9984bd9eb2b8837f97266b81ae2f8922a0272c40818dfabffdb6b66066a17,matic,2025-06-05,Quinta-feira,27906908.089655377,902
50b9984bd9eb2b8837f97266b81ae2f8922a0272c40818dfabffdb6b66066a17,matic,2025-06-04,Quarta-feira,123600145.78747827,1528
50b9984bd9eb2b8837f97266b81ae2f8922a0272c40818dfabffdb6b66066a17,matic,2025-06-07,Sábado,17001734.896680046,536
50b9984bd9eb2b8837f97266b81ae2f8922a0272c40818dfabffdb6b66066a17,matic,2025-06-03,Terça-feira,89029251.61768012,1516
684603a7e7eae5bac769334a169067ece3d969d108b5a2b3bfa78b0bb3461ef6,fantom,2025-06-18,Quarta-feira,42371.5625337169,8
684603a7e7eae5bac769334a169067ece3d969d108b5a2b3bfa78b0bb3461ef6,fantom,2025-06-02,Segunda-feira,26955.88883856688,48
684603a7e7eae5bac769334a169067ece3d969d108b5a2b3bfa78b0bb3461ef6,fantom,2025-06-05,Quinta-feira,202641.36764844088,426
684603a7e7eae5bac769334a169067ece3d969d108b5a2b3bfa78b0bb3461ef6,fantom,2025-06-04,Quarta-feira,87507.58164039711,70
684603a7e7eae5bac769334a169067ece3d969d108b5a2b3bfa78b0bb3461ef6,fantom,2025-06-07,Sábado,42821.27654578012,148
684603a7e7eae5bac769334a169067ece3d969d108b5a2b3bfa78b0bb3461ef6,fantom,2025-06-03,Terça-feira,22617.637240970776,32
b60d7bdd334cd3768d43f14a05c7fe7e886ba5bcb77e1064530052fed1a3f145,ethereum,2025-06-19,Quinta-feira,3.464096934363477E20,3638
b60d7bdd334cd3768d43f14a05c7fe7e886ba5bcb77e1064530052fed1a3f145,ethereum,2025-06-02,Segunda-feira,4.180041205220662E19,1204
45e5fa95a2f3c91cbdb5b6a50ede8cf68885c12fb67dbc5c715e3a748b7eb5e5,klaytn,2025-06-18,Quarta-feira,1588423.5297175995,780
45e5fa95a2f3c91cbdb5b6a50ede8cf68885c12fb67dbc5c715e3a748b7eb5e5,klaytn,2025-06-19,Quinta-feira,395518.6214943582,150
45e5fa95a2f3c91cbdb5b6a50ede8cf68885c12fb67dbc5c715e3a748b7eb5e5,klaytn,2025-06-02,Segunda-feira,1937720.720924571,5352
45e5fa95a2f3c91cbdb5b6a50ede8cf68885c12fb67dbc5c715e3a748b7eb5e5,klaytn,2025-06-05,Quinta-feira,873744.8875856962,2962
45e5fa95a2f3c91cbdb5b6a50ede8cf68885c12fb67dbc5c715e3a748b7eb5e5,klaytn,2025-06-04,Quarta-feira,901047.8955099242,3810
45e5fa95a2f3c91cbdb5b6a50ede8cf68885c12fb67dbc5c715e3a748b7eb5e5,klaytn,2025-06-07,Sábado,563970.2214102377,1502
45e5fa95a2f3c91cbdb5b6a50ede8cf68885c12fb67dbc5c715e3a748b7eb5e5,klaytn,2025-06-03,Terça-feira,3076146.712717827,6980
bb93cff8851d49accdf69b665b0339e1cf15f56c036ebbea5c9d424f798e247d,avalanche,2025-06-18,Quarta-feira,1.8591013404693728E16,28120
bb93cff8851d49accdf69b665b0339e1cf15f56c036ebbea5c9d424f798e247d,avalanche,2025-06-19,Quinta-feira,1709263.9694219795,568
bb93cff8851d49accdf69b665b0339e1cf15f56c036ebbea5c9d424f798e247d,avalanche,2025-06-02,Segunda-feira,4.3414279030706035E17,440
bb93cff8851d49accdf69b665b0339e1cf15f56c036ebbea5c9d424f798e247d,avalanche,2025-06-05,Quinta-feira,25381373.72878282,682
bb93cff8851d49accdf69b665b0339e1cf15f56c036ebbea5c9d424f798e247d,avalanche,2025-06-04,Quarta-feira,3.8651630927290127E18,382
bb93cff8851d49accdf69b665b0339e1cf15f56c036ebbea5c9d424f798e247d,avalanche,2025-06-07,Sábado,7.8827822494779814E17,354
bb93cff8851d49accdf69b665b0339e1cf15f56c036ebbea5c9d424f798e247d,avalanche,2025-06-03,Terça-feira,4.0375781842823956E18,496
50b9984bd9eb2b8837f97266b81ae2f8922a0272c40818dfabffdb6b66066a17,matic,2025-05-23,Sexta-feira,68253734.76725839,3847
50b9984bd9eb2b8837f97266b81ae2f8922a0272c40818dfabffdb6b66066a17,matic,2025-05-12,Segunda-feira,48333973.57878534,2517
50b9984bd9eb2b8837f97266b81ae2f8922a0272c40818dfabffdb6b66066a17,matic,2025-05-14,Quarta-feira,37336068.53716955,2198
684603a7e7eae5bac769334a169067ece3d969d108b5a2b3bfa78b0bb3461ef6,fantom,2025-05-23,Sexta-feira,10026.516434741021,2
684603a7e7eae5bac769334a169067ece3d969d108b5a2b3bfa78b0bb3461ef6,fantom,2025-05-12,Segunda-feira,38633.79141114066,4
684603a7e7eae5bac769334a169067ece3d969d108b5a2b3bfa78b0bb3461ef6,fantom,2025-05-14,Quarta-feira,1130770.1484917137,82
45e5fa95a2f3c91cbdb5b6a50ede8cf68885c12fb67dbc5c715e3a748b7eb5e5,klaytn,2025-05-23,Sexta-feira,2098498.5342911254,402
45e5fa95a2f3c91cbdb5b6a50ede8cf68885c12fb67dbc5c715e3a748b7eb5e5,klaytn,2025-05-12,Segunda-feira,25409.84739807022,4
45e5fa95a2f3c91cbdb5b6a50ede8cf68885c12fb67dbc5c715e3a748b7eb5e5,klaytn,2025-05-14,Quarta-feira,107563.27019795592,16
bb93cff8851d49accdf69b665b0339e1cf15f56c036ebbea5c9d424f798e247d,avalanche,2025-05-23,Sexta-feira,91452413.19495073,4913
bb93cff8851d49accdf69b665b0339e1cf15f56c036ebbea5c9d424f798e247d,avalanche,2025-05-12,Segunda-feira,2.82146117967795392E17,11954
bb93cff8851d49accdf69b665b0339e1cf15f56c036ebbea5c9d424f798e247d,avalanche,2025-05-14,Quarta-feira,102352613.00216332,6418
